sheet,slug,bank_class,period_bs,n_obs,min,max,rel_diff,files
C6,others,system_total,Bhadra 2082 (Mid-Sept 2025),2,0.02084227,3528.1476396765825,169277.4730106933,Bhadau_2082_Publish=3528.15; Bhadau_2082_Publish=0.02
C6,others,commercial,Bhadra 2082 (Mid-Sept 2025),2,0.02084227,3352.542547809995,160852.0427736516,Bhadau_2082_Publish=3352.54; Bhadau_2082_Publish=0.02
C5,profit-loss-a-c,system_total,Ashadh 2075 (Mid-July 2018),4,0.7176097099999819,61337.9689716439,85474.38880381851,Shrawan-2078-2=61337.97; Shrawan-2078-2=0.72; Ashadh-2078-2=61337.97; Ashadh-2078-2=0.72
C6,others,system_total,Shrawan 2082 (Mid-Aug 2025),4,0.02084227,1762.1525996710798,84546.05747843588,Saun-2082-Publish=1762.15; Saun-2082-Publish=0.02; Bhadau_2082_Publish=1762.15; Bhadau_2082_Publish=0.02
C6,others,commercial,Shrawan 2082 (Mid-Aug 2025),4,0.02084227,1668.2392425649975,80040.14919176258,Saun-2082-Publish=1668.24; Saun-2082-Publish=0.02; Bhadau_2082_Publish=1668.24; Bhadau_2082_Publish=0.02
C5,profit-loss-a-c,development,Ashadh 2075 (Mid-July 2018),4,0.13238226999998187,6226.728300199733,47034.968639913684,Shrawan-2078-2=6226.73; Shrawan-2078-2=0.13; Ashadh-2078-2=6226.73; Ashadh-2078-2=0.13
C6,others,system_total,Falgun 2079 (Mid-Mar 2022),4,0.5954271600000001,13372.732732333177,22458.05734688551,Falgun2078_NFRS_Publish=13372.73; Falgun2078_NFRS_Publish=0.60; Chaitra-2078=13372.73; Chaitra-2078=0.60
C6,others,system_total,Shrawan 2078 (Mid-Aug 2021),4,0.051199959999999996,1148.240297729589,22425.58583580122,Shrawan-2078-2=1148.24; Shrawan-2078-2=0.05; Bhadra_2078_V1.1=1148.24; Bhadra_2078_V1.1=0.05
C6,others,commercial,Shrawan 2078 (Mid-Aug 2021),4,0.051199959999999996,1105.7099155304109,21594.913659510883,Shrawan-2078-2=1105.71; Shrawan-2078-2=0.05; Bhadra_2078_V1.1=1105.71; Bhadra_2078_V1.1=0.05
C6,others,commercial,Falgun 2079 (Mid-Mar 2022),4,0.5954271600000001,12565.096709883177,21101.659660139077,Falgun2078_NFRS_Publish=12565.10; Falgun2078_NFRS_Publish=0.60; Chaitra-2078=12565.10; Chaitra-2078=0.60
C6,others,development,Ashadh 2077 (Mid-July 2020),24,0.00456,89.14217616,19547.722842105264,Bhadra_2079_Publish=89.14; Bhadra_2079_Publish=0.00; Asoj_2079_PublishV1=89.14; Asoj_2079_PublishV1=0.00; Kartik2079_publish=89.14; Kartik2079_publish=0.00; Mangsir_2079_Publish_V1=89.14; Mangsir_2079_Publish_V1=0.00; Poush2079_Publish-1=89.14; Poush2079_Publish-1=0.00; Magh_2079_Publish-4=89.14; Magh_2079_Publish-4=0.00; Falgun_2079_Publish-4=89.14; Falgun_2079_Publish-4=0.00; Chaitra_2079_Publish=89.14; Chaitra_2079_Publish=0.00; Saun_2080_Publish-3=89.14; Saun_2080_Publish-3=0.00; Baisakh_2080_Publish-1=89.14; Baisakh_2080_Publish-1=0.00; Jestha_2080_Publish=89.14; Jestha_2080_Publish=0.00; Asar_2080_Publish=89.14; Asar_2080_Publish=0.00
C6,others,system_total,Bhadra 2078 (Mid-Sept 2021),4,0.18738776999999998,2512.2890096802744,13405.899552090697,Bhadra_2078_V1.1=2512.29; Bhadra_2078_V1.1=0.19; Ashwin2078_NFRS_Publish=2512.29; Ashwin2078_NFRS_Publish=0.19
C6,others,commercial,Bhadra 2078 (Mid-Sept 2021),4,0.18738776999999998,2417.6710848987677,12900.968388325278,Bhadra_2078_V1.1=2417.67; Bhadra_2078_V1.1=0.19; Ashwin2078_NFRS_Publish=2417.67; Ashwin2078_NFRS_Publish=0.19
C6,others,system_total,Jestha 2079 (Mid-June 2022),4,2.48942123,21158.097365383343,8498.203393305737,Jestha2079_PublishV1=21158.10; Jestha2079_PublishV1=2.49; Ashar2079_Publish=21158.10; Ashar2079_Publish=2.49
C6,others,system_total,Magh 2079 (Mid-Feb 2022),4,1.3645239,11206.458122830707,8211.723956561484,Magh2078_NFRS_Publish-1=11206.46; Magh2078_NFRS_Publish-1=1.36; Falgun2078_NFRS_Publish=11206.46; Falgun2078_NFRS_Publish=1.36
C6,others,commercial,Jestha 2079 (Mid-June 2022),4,2.48942123,19742.349525903344,7929.497775140829,Jestha2079_PublishV1=19742.35; Jestha2079_PublishV1=2.49; Ashar2079_Publish=19742.35; Ashar2079_Publish=2.49
C6,others,commercial,Magh 2079 (Mid-Feb 2022),4,1.3645239,10579.342127190708,7752.138019195346,Magh2078_NFRS_Publish-1=10579.34; Magh2078_NFRS_Publish-1=1.36; Falgun2078_NFRS_Publish=10579.34; Falgun2078_NFRS_Publish=1.36
C6,others,system_total,Poush 2079 (Mid-Jan 2022),4,1.27323939,9471.632690990655,7438.003823931848,Poush-2078_Publish=9471.63; Poush-2078_Publish=1.27; Magh2078_NFRS_Publish-1=9471.63; Magh2078_NFRS_Publish-1=1.27
C6,others,system_total,Baisakh 2079 (Mid-May 2022),4,2.52335785,18315.046946325183,7257.204359054814,Baishakh-2079=18315.05; Baishakh-2079=2.52; Jestha2079_PublishV1=18315.05; Jestha2079_PublishV1=2.52
C6,others,commercial,Poush 2079 (Mid-Jan 2022),4,1.27323939,8955.979135477231,7033.010419263915,Poush-2078_Publish=8955.98; Poush-2078_Publish=1.27; Magh2078_NFRS_Publish-1=8955.98; Magh2078_NFRS_Publish-1=1.27
C6,others,commercial,Baisakh 2079 (Mid-May 2022),4,2.52335785,17093.656050885184,6773.170397942243,Baishakh-2079=17093.66; Baishakh-2079=2.52; Jestha2079_PublishV1=17093.66; Jestha2079_PublishV1=2.52
C6,others,system_total,Chait 2079 (Mid-Apr 2022),4,2.52335785,15865.642231498798,6286.511789696732,Chaitra-2078=15865.64; Chaitra-2078=2.52; Baishakh-2079=15865.64; Baishakh-2079=2.52
C6,others,system_total,Shrawan 2080 (Mid-Aug 2023),4,0.36053835,2156.3742447928466,5979.984394012029,Saun_2080_Publish-3=2156.37; Saun_2080_Publish-3=0.36; Bhadra_2080_Publish-2=2156.37; Bhadra_2080_Publish-2=0.36
C6,others,system_total,Mangsir 2078 (Mid-Dec 2021),4,1.27323939,7581.482629980566,5953.483257057077,Manghir-2078=7581.48; Manghir-2078=1.27; Poush-2078_Publish=7581.48; Poush-2078_Publish=1.27
C6,others,commercial,Chait 2079 (Mid-Apr 2022),4,2.52335785,14853.706298338797,5885.484272668182,Chaitra-2078=14853.71; Chaitra-2078=2.52; Baishakh-2079=14853.71; Baishakh-2079=2.52
C5,profit-loss-a-c,commercial,Baisakh 2080 (Mid-May 2023),4,9.699403607379963,54862.44566591422,5655.2700024330525,Baisakh_2080_Publish-1=54862.45; Baisakh_2080_Publish-1=9.70; Jestha_2080_Publish=54862.45; Jestha_2080_Publish=9.70
C6,others,commercial,Mangsir 2078 (Mid-Dec 2021),4,1.27323939,7187.565488112621,5644.101419704444,Manghir-2078=7187.57; Manghir-2078=1.27; Poush-2078_Publish=7187.57; Poush-2078_Publish=1.27
C6,others,system_total,Kartik 2078 (Mid-Nov 2021),4,1.18028242,5838.460043152391,4945.663564769855,Kartik2078_NFRS_Publish-1=5838.46; Kartik2078_NFRS_Publish-1=1.18; Manghir-2078=5838.46; Manghir-2078=1.18
C6,others,commercial,Kartik 2078 (Mid-Nov 2021),4,1.18028242,5546.372413933077,4698.190905455558,Kartik2078_NFRS_Publish-1=5546.37; Kartik2078_NFRS_Publish-1=1.18; Manghir-2078=5546.37; Manghir-2078=1.18
C6,others,system_total,Ashwin 2078 (Mid-Oct 2021),4,1.13164245,4125.61266706613,3644.6856731259327,Ashwin2078_NFRS_Publish=4125.61; Ashwin2078_NFRS_Publish=1.13; Kartik2078_NFRS_Publish-1=4125.61; Kartik2078_NFRS_Publish-1=1.13
C6,others,system_total,Ashadh 2079 (Mid-July 2022),30,6.853238430000004,24032.492609252015,3505.7352252111855,Shrawan_2079_PublishV1=24032.49; Shrawan_2079_PublishV1=6.85; Ashar2079_Publish=24032.49; Ashar2079_Publish=6.85; Bhadau_2081_Publish-1=24032.49; Bhadau_2081_Publish-1=6.85; Ashwin_2081_Publish-1=24032.49; Ashwin_2081_Publish-1=6.85; Kartik_2081_Publish=24032.49; Kartik_2081_Publish=6.85; Mangsir_2081_Publish-V2=24032.49; Mangsir_2081_Publish-V2=6.85; Poush_2081_Publish_2=24032.49; Poush_2081_Publish_2=6.85; Magh_2081_Publish-3=24032.49; Magh_2081_Publish-3=6.85; Falgun_2081_Publish=24032.49; Falgun_2081_Publish=6.85; Chaitra_2081_Publish=24032.49; Chaitra_2081_Publish=6.85; Saun-2082-Publish=24032.49; Saun-2082-Publish=6.85; Bhadau_2082_Publish=24032.49; Bhadau_2082_Publish=6.85; Baisakh_2082_Publish-1=24032.49; Baisakh_2082_Publish-1=6.85; Jestha_2082_Publish-3=24032.49; Jestha_2082_Publish-3=6.85; Asar_2082_Publish=24032.49; Asar_2082_Publish=6.85
C6,others,commercial,Ashwin 2078 (Mid-Oct 2021),4,1.13164245,3936.69697586613,3477.746291168319,Ashwin2078_NFRS_Publish=3936.70; Ashwin2078_NFRS_Publish=1.13; Kartik2078_NFRS_Publish-1=3936.70; Kartik2078_NFRS_Publish-1=1.13
C6,others,commercial,Ashadh 2079 (Mid-July 2022),30,6.7382384300000036,22393.449326573143,3322.3388161025837,Shrawan_2079_PublishV1=22393.45; Shrawan_2079_PublishV1=6.74; Ashar2079_Publish=22393.45; Ashar2079_Publish=6.74; Bhadau_2081_Publish-1=22393.45; Bhadau_2081_Publish-1=6.74; Ashwin_2081_Publish-1=22393.45; Ashwin_2081_Publish-1=6.74; Kartik_2081_Publish=22393.45; Kartik_2081_Publish=6.74; Mangsir_2081_Publish-V2=22393.45; Mangsir_2081_Publish-V2=6.74; Poush_2081_Publish_2=22393.45; Poush_2081_Publish_2=6.74; Magh_2081_Publish-3=22393.45; Magh_2081_Publish-3=6.74; Falgun_2081_Publish=22393.45; Falgun_2081_Publish=6.74; Chaitra_2081_Publish=22393.45; Chaitra_2081_Publish=6.74; Saun-2082-Publish=22393.45; Saun-2082-Publish=6.74; Bhadau_2082_Publish=22393.45; Bhadau_2082_Publish=6.74; Baisakh_2082_Publish-1=22393.45; Baisakh_2082_Publish-1=6.74; Jestha_2082_Publish-3=22393.45; Jestha_2082_Publish-3=6.74; Asar_2082_Publish=22393.45; Asar_2082_Publish=6.74
C6,others,finance,Ashadh 2079 (Mid-July 2022),30,0.115,356.63480937,3100.1722553913046,Shrawan_2079_PublishV1=356.63; Shrawan_2079_PublishV1=0.12; Ashar2079_Publish=356.63; Ashar2079_Publish=0.12; Bhadau_2081_Publish-1=356.63; Bhadau_2081_Publish-1=0.12; Ashwin_2081_Publish-1=356.63; Ashwin_2081_Publish-1=0.12; Kartik_2081_Publish=356.63; Kartik_2081_Publish=0.12; Mangsir_2081_Publish-V2=356.63; Mangsir_2081_Publish-V2=0.12; Poush_2081_Publish_2=356.63; Poush_2081_Publish_2=0.12; Magh_2081_Publish-3=356.63; Magh_2081_Publish-3=0.12; Falgun_2081_Publish=356.63; Falgun_2081_Publish=0.12; Chaitra_2081_Publish=356.63; Chaitra_2081_Publish=0.12; Saun-2082-Publish=356.63; Saun-2082-Publish=0.12; Bhadau_2082_Publish=356.63; Bhadau_2082_Publish=0.12; Baisakh_2082_Publish-1=356.63; Baisakh_2082_Publish-1=0.12; Jestha_2082_Publish-3=356.63; Jestha_2082_Publish-3=0.12; Asar_2082_Publish=356.63; Asar_2082_Publish=0.12
C6,others,commercial,Chait 2080 (Mid-Apr 2023),4,6.6892887299999995,18829.776894925362,2813.914657589517,Chaitra_2079_Publish=18829.78; Chaitra_2079_Publish=6.69; Baisakh_2080_Publish-1=18829.78; Baisakh_2080_Publish-1=6.69
C6,others,system_total,Ashadh 2082 (Mid-July 2025),4,7.99921744,22162.68550916503,2769.606709393942,Saun-2082-Publish=22162.69; Saun-2082-Publish=8.00; Asar_2082_Publish=22162.69; Asar_2082_Publish=8.00
C6,others,system_total,Magh 2080 (Mid-Feb 2023),4,5.927758959999999,16275.237086587424,2744.5969779492225,Magh_2079_Publish-4=16275.24; Magh_2079_Publish-4=5.93; Falgun_2079_Publish-4=16275.24; Falgun_2079_Publish-4=5.93
C6,others,system_total,Falgun 2080 (Mid-Mar 2023),4,6.7250035399999994,18093.8536898922,2689.5344483866547,Falgun_2079_Publish-4=18093.85; Falgun_2079_Publish-4=6.73; Chaitra_2079_Publish=18093.85; Chaitra_2079_Publish=6.73
C6,others,commercial,Magh 2080 (Mid-Feb 2023),4,5.646266509999999,15164.836584837423,2684.816646801786,Magh_2079_Publish-4=15164.84; Magh_2079_Publish-4=5.65; Falgun_2079_Publish-4=15164.84; Falgun_2079_Publish-4=5.65
C6,others,commercial,Ashadh 2082 (Mid-July 2025),4,7.99921744,21257.354879476406,2656.429309669623,Saun-2082-Publish=21257.35; Saun-2082-Publish=8.00; Asar_2082_Publish=21257.35; Asar_2082_Publish=8.00
C6,others,commercial,Falgun 2080 (Mid-Mar 2023),4,6.443511089999999,16871.742073931382,2617.408168818932,Falgun_2079_Publish-4=16871.74; Falgun_2079_Publish-4=6.44; Chaitra_2079_Publish=16871.74; Chaitra_2079_Publish=6.44
C5,profit-loss-a-c,finance,Ashadh 2075 (Mid-July 2018),4,0.5852274399999999,1478.2095765698275,2524.8719525691204,Shrawan-2078-2=1478.21; Shrawan-2078-2=0.59; Ashadh-2078-2=1478.21; Ashadh-2078-2=0.59
C6,others,system_total,Mangsir 2079 (Mid-Dec 2022),4,5.77550037,13341.799295073854,2309.0681223008655,Mangsir_2079_Publish_V1=13341.80; Mangsir_2079_Publish_V1=5.78; Poush2079_Publish-1=13341.80; Poush2079_Publish-1=5.78
C6,others,commercial,Poush 2080 (Mid-Jan 2023),4,5.646266509999999,12949.364767510158,2292.4384596575055,Poush2079_Publish-1=12949.36; Poush2079_Publish-1=5.65; Magh_2079_Publish-4=12949.36; Magh_2079_Publish-4=5.65
C6,others,commercial,Mangsir 2079 (Mid-Dec 2022),4,5.49400792,12568.323708073855,2286.642080442042,Mangsir_2079_Publish_V1=12568.32; Mangsir_2079_Publish_V1=5.49; Poush2079_Publish-1=12568.32; Poush2079_Publish-1=5.49
C6,others,system_total,Kartik 2079 (Mid-Nov 2022),4,5.735552050000001,11090.338712544712,1932.613123176994,Kartik2079_publish=11090.34; Kartik2079_publish=5.74; Mangsir_2079_Publish_V1=11090.34; Mangsir_2079_Publish_V1=5.74
C6,others,commercial,Kartik 2079 (Mid-Nov 2022),4,5.454059600000001,10433.250019034711,1911.9328947990793,Kartik2079_publish=10433.25; Kartik2079_publish=5.45; Mangsir_2079_Publish_V1=10433.25; Mangsir_2079_Publish_V1=5.45
C6,others,system_total,Chait 2080 (Mid-Apr 2023),4,10.97078118,20166.025346958955,1837.1576494955627,Chaitra_2079_Publish=20166.03; Chaitra_2079_Publish=10.97; Baisakh_2080_Publish-1=20166.03; Baisakh_2080_Publish-1=10.97
C6,others,commercial,Falgun 2081 (Mid-Mar 2024),4,8.56127498,15136.34074779713,1767.0007689458807,Falgun_2080_Publish-1=15136.34; Falgun_2080_Publish-1=8.56; Chaitra_2080_Publish=15136.34; Chaitra_2080_Publish=8.56
C6,others,system_total,Falgun 2081 (Mid-Mar 2024),4,9.06845753,15744.145403740687,1735.1436993729503,Falgun_2080_Publish-1=15744.15; Falgun_2080_Publish-1=9.07; Chaitra_2080_Publish=15744.15; Chaitra_2080_Publish=9.07
C6,others,system_total,Ashwin 2079 (Mid-Oct 2022),4,5.3588433,8619.593006174291,1607.4801371546525,Asoj_2079_PublishV1=8619.59; Asoj_2079_PublishV1=5.36; Kartik2079_publish=8619.59; Kartik2079_publish=5.36
C6,others,commercial,Magh 2081 (Mid-Feb 2024),4,8.56127498,13198.923504540347,1540.7006853972523,Magh_2080_Publish=13198.92; Magh_2080_Publish=8.56; Falgun_2080_Publish-1=13198.92; Falgun_2080_Publish-1=8.56
C6,others,system_total,Magh 2081 (Mid-Feb 2024),4,9.06845753,13731.725905344412,1513.229499329685,Magh_2080_Publish=13731.73; Magh_2080_Publish=9.07; Falgun_2080_Publish-1=13731.73; Falgun_2080_Publish-1=9.07
C6,others,commercial,Ashwin 2079 (Mid-Oct 2022),4,5.3588433,8091.204565184291,1508.8789257719648,Asoj_2079_PublishV1=8091.20; Asoj_2079_PublishV1=5.36; Kartik2079_publish=8091.20; Kartik2079_publish=5.36
C6,others,commercial,Poush 2081 (Mid-Jan 2024),4,7.64116353,11378.097807148599,1488.0530430970373,Poush_2080_Publish-2=11378.10; Poush_2080_Publish-2=7.64; Magh_2080_Publish=11378.10; Magh_2080_Publish=7.64
C6,others,system_total,Poush 2081 (Mid-Jan 2024),4,8.14834608,11840.330908176205,1452.0962224638606,Poush_2080_Publish-2=11840.33; Poush_2080_Publish-2=8.15; Magh_2080_Publish=11840.33; Magh_2080_Publish=8.15
C5,profit-loss-a-c,commercial,Magh 2080 (Mid-Feb 2023),4,27.947917875620078,39396.44869982474,1408.638058733227,Magh_2079_Publish-4=39396.45; Magh_2079_Publish-4=27.95; Falgun_2079_Publish-4=39396.45; Falgun_2079_Publish-4=27.95
C6,others,commercial,Jestha 2080 (Mid-June 2023),4,16.36831812999999,22909.367248887927,1398.6164460476514,Jestha_2080_Publish=22909.37; Jestha_2080_Publish=16.37; Asar_2080_Publish=22909.37; Asar_2080_Publish=16.37
C6,others,system_total,Bhadra 2079 (Mid-Sept 2022),4,4.255047959999999,5837.725238537837,1370.9528647892932,Bhadra_2079_Publish=5837.73; Bhadra_2079_Publish=4.26; Asoj_2079_PublishV1=5837.73; Asoj_2079_PublishV1=4.26
C6,others,system_total,Mangsir 2080 (Mid-Dec 2023),4,7.36360343,9966.055786599358,1352.4210364991584,Mangshir_2080_Publish=9966.06; Mangshir_2080_Publish=7.36; Poush_2080_Publish-2=9966.06; Poush_2080_Publish-2=7.36
C5,profit-loss-a-c,commercial,Chait 2082 (Mid-Apr 2025),4,30.74483862448369,41281.88908578255,1341.7258340822016,Chaitra_2081_Publish=41281.89; Chaitra_2081_Publish=30.74; Baisakh_2082_Publish-1=41281.89; Baisakh_2082_Publish-1=30.74
C6,others,commercial,Mangsir 2080 (Mid-Dec 2023),4,7.2169592300000005,9575.643589764928,1325.8252299334283,Mangshir_2080_Publish=9575.64; Mangshir_2080_Publish=7.22; Poush_2080_Publish-2=9575.64; Poush_2080_Publish-2=7.22
C6,others,commercial,Bhadra 2079 (Mid-Sept 2022),4,4.255047959999999,5520.627726167836,1296.4302000976359,Bhadra_2079_Publish=5520.63; Bhadra_2079_Publish=4.26; Asoj_2079_PublishV1=5520.63; Asoj_2079_PublishV1=4.26
C6,others,finance,Falgun 2080 (Mid-Mar 2023),4,0.28149245,363.96623141000003,1291.9875433959244,Falgun_2079_Publish-4=363.97; Falgun_2079_Publish-4=0.28; Chaitra_2079_Publish=363.97; Chaitra_2079_Publish=0.28
C6,others,commercial,Baisakh 2080 (Mid-May 2023),4,16.33089325999999,20854.702554084517,1276.009299005395,Baisakh_2080_Publish-1=20854.70; Baisakh_2080_Publish-1=16.33; Jestha_2080_Publish=20854.70; Jestha_2080_Publish=16.33
C5,profit-loss-a-c,system_total,Ashadh 2079 (Mid-July 2022),30,62.55881,79497.35563103374,1269.7619539283714,Shrawan_2079_PublishV1=79497.36; Shrawan_2079_PublishV1=62.56; Ashar2079_Publish=79497.36; Ashar2079_Publish=62.56; Bhadau_2081_Publish-1=79497.36; Bhadau_2081_Publish-1=62.56; Ashwin_2081_Publish-1=79497.36; Ashwin_2081_Publish-1=62.56; Kartik_2081_Publish=79497.36; Kartik_2081_Publish=62.56; Mangsir_2081_Publish-V2=79497.36; Mangsir_2081_Publish-V2=62.56; Poush_2081_Publish_2=79497.36; Poush_2081_Publish_2=62.56; Magh_2081_Publish-3=79497.36; Magh_2081_Publish-3=62.56; Falgun_2081_Publish=79497.36; Falgun_2081_Publish=62.56; Chaitra_2081_Publish=79497.36; Chaitra_2081_Publish=62.56; Saun-2082-Publish=79497.36; Saun-2082-Publish=62.56; Bhadau_2082_Publish=79497.36; Bhadau_2082_Publish=62.56; Baisakh_2082_Publish-1=79497.36; Baisakh_2082_Publish-1=62.56; Jestha_2082_Publish-3=79497.36; Jestha_2082_Publish-3=62.56; Asar_2082_Publish=79497.36; Asar_2082_Publish=62.56
C6,others,system_total,Poush 2080 (Mid-Jan 2023),4,11.177992967366741,13935.942450190158,1245.7302932534517,Poush2079_Publish-1=13935.94; Poush2079_Publish-1=11.18; Magh_2079_Publish-4=13935.94; Magh_2079_Publish-4=11.18
C6,others,system_total,Jestha 2080 (Mid-June 2023),4,20.649810579999993,24439.271512654443,1182.5106873243992,Jestha_2080_Publish=24439.27; Jestha_2080_Publish=20.65; Asar_2080_Publish=24439.27; Asar_2080_Publish=20.65
C5,profit-loss-a-c,system_total,Jestha 2078 (Mid-June 2021),2,60.83491222172715,69570.3965225731,1142.593275338467,Ashadh-2078-2=69570.40; Ashadh-2078-2=60.83
C6,others,finance,Magh 2080 (Mid-Feb 2023),4,0.28149245,318.12136810000004,1129.123980589888,Magh_2079_Publish-4=318.12; Magh_2079_Publish-4=0.28; Falgun_2079_Publish-4=318.12; Falgun_2079_Publish-4=0.28
C6,others,system_total,Kartik 2080 (Mid-Nov 2023),4,7.36360343,8036.502987441529,1090.381830083363,Kartik_2080_Publish=8036.50; Kartik_2080_Publish=7.36; Mangshir_2080_Publish=8036.50; Mangshir_2080_Publish=7.36
C6,others,system_total,Baisakh 2080 (Mid-May 2023),4,20.61238570999999,22276.166173204518,1079.7175106565833,Baisakh_2080_Publish-1=22276.17; Baisakh_2080_Publish-1=20.61; Jestha_2080_Publish=22276.17; Jestha_2080_Publish=20.61
C6,others,commercial,Kartik 2080 (Mid-Nov 2023),4,7.2169592300000005,7721.837014264177,1068.9571340469076,Kartik_2080_Publish=7721.84; Kartik_2080_Publish=7.22; Mangshir_2080_Publish=7721.84; Mangshir_2080_Publish=7.22
C5,profit-loss-a-c,system_total,Ashadh 2076 (Mid-July 2019),24,75.47262438,73518.78366913935,973.1119283063064,Bhadra_2078_V1.1=73518.78; Bhadra_2078_V1.1=75.47; Ashwin2078_NFRS_Publish=73518.78; Ashwin2078_NFRS_Publish=75.47; Kartik2078_NFRS_Publish-1=73518.78; Kartik2078_NFRS_Publish-1=75.47; Manghir-2078=73518.78; Manghir-2078=75.47; Poush-2078_Publish=73518.78; Poush-2078_Publish=75.47; Magh2078_NFRS_Publish-1=73518.78; Magh2078_NFRS_Publish-1=75.47; Falgun2078_NFRS_Publish=73518.78; Falgun2078_NFRS_Publish=75.47; Chaitra-2078=73518.78; Chaitra-2078=75.47; Shrawan_2079_PublishV1=73518.78; Shrawan_2079_PublishV1=75.47; Baishakh-2079=73518.78; Baishakh-2079=75.47; Jestha2079_PublishV1=73518.78; Jestha2079_PublishV1=75.47; Ashar2079_Publish=73518.78; Ashar2079_Publish=75.47
C6,others,finance,Mangsir 2079 (Mid-Dec 2022),4,0.28149245,240.61504822,853.7833102450883,Mangsir_2079_Publish_V1=240.62; Mangsir_2079_Publish_V1=0.28; Poush2079_Publish-1=240.62; Poush2079_Publish-1=0.28
C6,others,system_total,Ashwin 2080 (Mid-Oct 2023),4,7.36360343,6057.4267896837,821.6171937784135,Asoj_2080_publish=6057.43; Asoj_2080_publish=7.36; Kartik_2080_Publish=6057.43; Kartik_2080_Publish=7.36
C6,others,commercial,Ashwin 2080 (Mid-Oct 2023),4,7.2169592300000005,5824.634575983426,806.0759984026438,Asoj_2080_publish=5824.63; Asoj_2080_publish=7.22; Kartik_2080_Publish=5824.63; Kartik_2080_Publish=7.22
C5,profit-loss-a-c,development,Ashadh 2076 (Mid-July 2019),24,9.17040407,7258.4332824831,790.5063749729733,Bhadra_2078_V1.1=7258.43; Bhadra_2078_V1.1=9.17; Ashwin2078_NFRS_Publish=7258.43; Ashwin2078_NFRS_Publish=9.17; Kartik2078_NFRS_Publish-1=7258.43; Kartik2078_NFRS_Publish-1=9.17; Manghir-2078=7258.43; Manghir-2078=9.17; Poush-2078_Publish=7258.43; Poush-2078_Publish=9.17; Magh2078_NFRS_Publish-1=7258.43; Magh2078_NFRS_Publish-1=9.17; Falgun2078_NFRS_Publish=7258.43; Falgun2078_NFRS_Publish=9.17; Chaitra-2078=7258.43; Chaitra-2078=9.17; Shrawan_2079_PublishV1=7258.43; Shrawan_2079_PublishV1=9.17; Baishakh-2079=7258.43; Baishakh-2079=9.17; Jestha2079_PublishV1=7258.43; Jestha2079_PublishV1=9.17; Ashar2079_Publish=7258.43; Ashar2079_Publish=9.17
C5,profit-loss-a-c,system_total,Falgun 2079 (Mid-Mar 2022),4,66.92994239999993,51192.44190754668,763.8660684869607,Falgun2078_NFRS_Publish=51192.44; Falgun2078_NFRS_Publish=66.93; Chaitra-2078=51192.44; Chaitra-2078=66.93
C6,others,development,Ashadh 2076 (Mid-July 2019),24,0.30851950000000006,231.86886776,750.5533629478849,Bhadra_2078_V1.1=231.87; Bhadra_2078_V1.1=0.31; Ashwin2078_NFRS_Publish=231.87; Ashwin2078_NFRS_Publish=0.31; Kartik2078_NFRS_Publish-1=231.87; Kartik2078_NFRS_Publish-1=0.31; Manghir-2078=231.87; Manghir-2078=0.31; Poush-2078_Publish=231.87; Poush-2078_Publish=0.31; Magh2078_NFRS_Publish-1=231.87; Magh2078_NFRS_Publish-1=0.31; Falgun2078_NFRS_Publish=231.87; Falgun2078_NFRS_Publish=0.31; Chaitra-2078=231.87; Chaitra-2078=0.31; Shrawan_2079_PublishV1=231.87; Shrawan_2079_PublishV1=0.31; Baishakh-2079=231.87; Baishakh-2079=0.31; Jestha2079_PublishV1=231.87; Jestha2079_PublishV1=0.31; Ashar2079_Publish=231.87; Ashar2079_Publish=0.31
C6,others,finance,Kartik 2079 (Mid-Nov 2022),4,0.28149245,205.44690153000002,728.8487100808566,Kartik2079_publish=205.45; Kartik2079_publish=0.28; Mangsir_2079_Publish_V1=205.45; Mangsir_2079_Publish_V1=0.28
C5,profit-loss-a-c,commercial,Shrawan 2078 (Mid-Aug 2021),4,10.11,6311.1294353873745,623.2462349542409,Shrawan-2078-2=6311.13; Shrawan-2078-2=10.11; Bhadra_2078_V1.1=6311.13; Bhadra_2078_V1.1=10.11
C6,others,commercial,Bhadra 2080 (Mid-Sept 2023),4,6.93639934,4058.9004635893934,584.1595712177369,Bhadra_2080_Publish-2=4058.90; Bhadra_2080_Publish-2=6.94; Asoj_2080_publish=4058.90; Asoj_2080_publish=6.94
C6,others,system_total,Bhadra 2080 (Mid-Sept 2023),4,7.29693769,4213.36295406259,576.4152299308712,Bhadra_2080_Publish-2=4213.36; Bhadra_2080_Publish-2=7.30; Asoj_2080_publish=4213.36; Asoj_2080_publish=7.30
C6,others,system_total,Shrawan 2079 (Mid-Aug 2022),4,4.802501549999999,2745.1989727195346,570.6185500699182,Shrawan_2079_PublishV1=2745.20; Shrawan_2079_PublishV1=4.80; Bhadra_2079_Publish=2745.20; Bhadra_2079_Publish=4.80
C5,profit-loss-a-c,system_total,Magh 2079 (Mid-Feb 2022),4,79.32770379999977,44149.06448981479,555.5403052774977,Magh2078_NFRS_Publish-1=44149.06; Magh2078_NFRS_Publish-1=79.33; Falgun2078_NFRS_Publish=44149.06; Falgun2078_NFRS_Publish=79.33
C6,others,commercial,Shrawan 2079 (Mid-Aug 2022),4,4.802501549999999,2605.2434963595347,541.4763468029563,Shrawan_2079_PublishV1=2605.24; Shrawan_2079_PublishV1=4.80; Bhadra_2079_Publish=2605.24; Bhadra_2079_Publish=4.80
C5,profit-loss-a-c,system_total,Chait 2079 (Mid-Apr 2022),4,103.77770463999998,56227.80893978731,540.810103960566,Chaitra-2078=56227.81; Chaitra-2078=103.78; Baishakh-2079=56227.81; Baishakh-2079=103.78
C5,profit-loss-a-c,commercial,Jestha 2082 (Mid-June 2025),4,110.8543386237152,54084.29318319406,486.88612024269247,Jestha_2082_Publish-3=54084.29; Jestha_2082_Publish-3=110.85; Asar_2082_Publish=54084.29; Asar_2082_Publish=110.85
C5,profit-loss-a-c,system_total,Poush 2079 (Mid-Jan 2022),4,80.37564201227993,37593.98433727564,466.7285729367109,Poush-2078_Publish=37593.98; Poush-2078_Publish=80.38; Magh2078_NFRS_Publish-1=37593.98; Magh2078_NFRS_Publish-1=80.38
C5,profit-loss-a-c,system_total,Baisakh 2079 (Mid-May 2022),4,142.26456974000013,64017.655190201614,448.99015079579544,Baishakh-2079=64017.66; Baishakh-2079=142.26; Jestha2079_PublishV1=64017.66; Jestha2079_PublishV1=142.26
C5,profit-loss-a-c,commercial,Ashadh 2077 (Mid-July 2020),24,132.7880479890755,54483.587922898005,409.3049088226704,Bhadra_2079_Publish=54483.59; Bhadra_2079_Publish=132.79; Asoj_2079_PublishV1=54483.59; Asoj_2079_PublishV1=132.79; Kartik2079_publish=54483.59; Kartik2079_publish=132.79; Mangsir_2079_Publish_V1=54483.59; Mangsir_2079_Publish_V1=132.79; Poush2079_Publish-1=54483.59; Poush2079_Publish-1=132.79; Magh_2079_Publish-4=54483.59; Magh_2079_Publish-4=132.79; Falgun_2079_Publish-4=54483.59; Falgun_2079_Publish-4=132.79; Chaitra_2079_Publish=54483.59; Chaitra_2079_Publish=132.79; Saun_2080_Publish-3=54483.59; Saun_2080_Publish-3=132.79; Baisakh_2080_Publish-1=54483.59; Baisakh_2080_Publish-1=132.79; Jestha_2080_Publish=54483.59; Jestha_2080_Publish=132.79; Asar_2080_Publish=54483.59; Asar_2080_Publish=132.79
C6,others,commercial,Ashadh 2075 (Mid-July 2018),4,7.163280820000001,2629.030005410579,366.01478993679586,Shrawan-2078-2=2629.03; Shrawan-2078-2=7.16; Ashadh-2078-2=2629.03; Ashadh-2078-2=7.16
C6,others,system_total,Bhadra 2081 (Mid-Sept 2024),4,10.392994589999997,3810.0378941010363,365.59673601360333,Bhadau_2081_Publish-1=3810.04; Bhadau_2081_Publish-1=10.39; Ashwin_2081_Publish-1=3810.04; Ashwin_2081_Publish-1=10.39
C5,profit-loss-a-c,system_total,Jestha 2079 (Mid-June 2022),4,199.51062950419973,71615.64395417465,357.9565334546104,Jestha2079_PublishV1=71615.64; Jestha2079_PublishV1=199.51; Ashar2079_Publish=71615.64; Ashar2079_Publish=199.51
C6,others,commercial,Bhadra 2081 (Mid-Sept 2024),4,10.392994589999997,3669.807391554278,352.1039451406353,Bhadau_2081_Publish-1=3669.81; Bhadau_2081_Publish-1=10.39; Ashwin_2081_Publish-1=3669.81; Ashwin_2081_Publish-1=10.39
C6,others,commercial,Ashadh 2080 (Mid-July 2023),4,72.07729434999999,25189.64519205296,348.4810039585367,Saun_2080_Publish-3=25189.65; Saun_2080_Publish-3=72.08; Asar_2080_Publish=25189.65; Asar_2080_Publish=72.08
C6,others,system_total,Ashadh 2080 (Mid-July 2023),4,79.05753839999998,26832.226660196742,338.4012412129031,Saun_2080_Publish-3=26832.23; Saun_2080_Publish-3=79.06; Asar_2080_Publish=26832.23; Asar_2080_Publish=79.06
C6,others,finance,Mangsir 2080 (Mid-Dec 2023),4,0.1466442,43.27988483,294.13533320785956,Mangshir_2080_Publish=43.28; Mangshir_2080_Publish=0.15; Poush_2080_Publish-2=43.28; Poush_2080_Publish-2=0.15
C5,profit-loss-a-c,development,Jestha 2078 (Mid-June 2021),2,20.00108344090892,5268.980413273905,262.4347498644535,Ashadh-2078-2=5268.98; Ashadh-2078-2=20.00
C5,profit-loss-a-c,development,Ashadh 2078 (Mid-July 2021),28,20.60366,5224.167327972749,252.5553065801294,Shrawan-2078-2=5224.17; Shrawan-2078-2=20.60; Ashadh-2078-2=5224.17; Ashadh-2078-2=20.60; Bhadra_2080_Publish-2=5224.17; Bhadra_2080_Publish-2=20.60; Asoj_2080_publish=5224.17; Asoj_2080_publish=20.60; Kartik_2080_Publish=5224.17; Kartik_2080_Publish=20.60; Mangshir_2080_Publish=5224.17; Mangshir_2080_Publish=20.60; Poush_2080_Publish-2=5224.17; Poush_2080_Publish-2=20.60; Magh_2080_Publish=5224.17; Magh_2080_Publish=20.60; Falgun_2080_Publish-1=5224.17; Falgun_2080_Publish-1=20.60; Chaitra_2080_Publish=5224.17; Chaitra_2080_Publish=20.60; Shrawan_2081_Publish-1=5224.17; Shrawan_2081_Publish-1=20.60; Baisakh_2081_Publish=5224.17; Baisakh_2081_Publish=20.60; Jestha_2081_Publish-2=5224.17; Jestha_2081_Publish-2=20.60; Asar_2081_Publish=5224.17; Asar_2081_Publish=20.60
C6,others,finance,Kartik 2080 (Mid-Nov 2023),4,0.1466442,36.87257682,250.44244927518443,Kartik_2080_Publish=36.87; Kartik_2080_Publish=0.15; Mangshir_2080_Publish=36.87; Mangshir_2080_Publish=0.15
C5,profit-loss-a-c,system_total,Shrawan 2078 (Mid-Aug 2021),4,27.977409338135452,6988.024026323245,248.77380649744464,Shrawan-2078-2=6988.02; Shrawan-2078-2=27.98; Bhadra_2078_V1.1=6988.02; Bhadra_2078_V1.1=27.98
C5,profit-loss-a-c,development,Ashadh 2077 (Mid-July 2020),24,14.5933,3576.90399338779,244.1059043114162,Bhadra_2079_Publish=3576.90; Bhadra_2079_Publish=14.59; Asoj_2079_PublishV1=3576.90; Asoj_2079_PublishV1=14.59; Kartik2079_publish=3576.90; Kartik2079_publish=14.59; Mangsir_2079_Publish_V1=3576.90; Mangsir_2079_Publish_V1=14.59; Poush2079_Publish-1=3576.90; Poush2079_Publish-1=14.59; Magh_2079_Publish-4=3576.90; Magh_2079_Publish-4=14.59; Falgun_2079_Publish-4=3576.90; Falgun_2079_Publish-4=14.59; Chaitra_2079_Publish=3576.90; Chaitra_2079_Publish=14.59; Saun_2080_Publish-3=3576.90; Saun_2080_Publish-3=14.59; Baisakh_2080_Publish-1=3576.90; Baisakh_2080_Publish-1=14.59; Jestha_2080_Publish=3576.90; Jestha_2080_Publish=14.59; Asar_2080_Publish=3576.90; Asar_2080_Publish=14.59
C6,others,commercial,Ashadh 2076 (Mid-July 2019),24,14.579803219999999,3519.4745849799997,240.3938330904304,Bhadra_2078_V1.1=3519.47; Bhadra_2078_V1.1=14.58; Ashwin2078_NFRS_Publish=3519.47; Ashwin2078_NFRS_Publish=14.58; Kartik2078_NFRS_Publish-1=3519.47; Kartik2078_NFRS_Publish-1=14.58; Manghir-2078=3519.47; Manghir-2078=14.58; Poush-2078_Publish=3519.47; Poush-2078_Publish=14.58; Magh2078_NFRS_Publish-1=3519.47; Magh2078_NFRS_Publish-1=14.58; Falgun2078_NFRS_Publish=3519.47; Falgun2078_NFRS_Publish=14.58; Chaitra-2078=3519.47; Chaitra-2078=14.58; Shrawan_2079_PublishV1=3519.47; Shrawan_2079_PublishV1=14.58; Baishakh-2079=3519.47; Baishakh-2079=14.58; Jestha2079_PublishV1=3519.47; Jestha2079_PublishV1=14.58; Ashar2079_Publish=3519.47; Ashar2079_Publish=14.58
C5,profit-loss-a-c,commercial,Magh 2082 (Mid-Feb 2025),4,157.599266198493,36225.57011208267,228.8587486216929,Magh_2081_Publish-3=36225.57; Magh_2081_Publish-3=157.60; Falgun_2081_Publish=36225.57; Falgun_2081_Publish=157.60
C6,others,system_total,Shrawan 2081 (Mid-Aug 2024),4,8.808829239999998,1952.5209212307234,220.6549859275878,Shrawan_2081_Publish-1=1952.52; Shrawan_2081_Publish-1=8.81; Bhadau_2081_Publish-1=1952.52; Bhadau_2081_Publish-1=8.81
C6,others,commercial,Shrawan 2081 (Mid-Aug 2024),4,8.808829239999998,1881.7543827240568,212.6213941098099,Shrawan_2081_Publish-1=1881.75; Shrawan_2081_Publish-1=8.81; Bhadau_2081_Publish-1=1881.75; Bhadau_2081_Publish-1=8.81
C6,others,system_total,Chait 2082 (Mid-Apr 2025),4,80.28914873,16216.821537183221,200.98024009094786,Chaitra_2081_Publish=16216.82; Chaitra_2081_Publish=80.29; Baisakh_2082_Publish-1=16216.82; Baisakh_2082_Publish-1=80.29
C6,others,finance,Ashwin 2080 (Mid-Oct 2023),4,0.1466442,29.11426682,197.53677690628064,Asoj_2080_publish=29.11; Asoj_2080_publish=0.15; Kartik_2080_Publish=29.11; Kartik_2080_Publish=0.15
C6,others,commercial,Chait 2082 (Mid-Apr 2025),4,80.28914873,15550.875124383874,192.68588869560773,Chaitra_2081_Publish=15550.88; Chaitra_2081_Publish=80.29; Baisakh_2082_Publish-1=15550.88; Baisakh_2082_Publish-1=80.29
C5,profit-loss-a-c,commercial,Ashadh 2078 (Mid-July 2021),28,332.0134947206277,63461.85053475616,190.1423828966833,Shrawan-2078-2=63461.85; Shrawan-2078-2=332.01; Ashadh-2078-2=63461.85; Ashadh-2078-2=332.01; Bhadra_2080_Publish-2=63461.85; Bhadra_2080_Publish-2=332.01; Asoj_2080_publish=63461.85; Asoj_2080_publish=332.01; Kartik_2080_Publish=63461.85; Kartik_2080_Publish=332.01; Mangshir_2080_Publish=63461.85; Mangshir_2080_Publish=332.01; Poush_2080_Publish-2=63461.85; Poush_2080_Publish-2=332.01; Magh_2080_Publish=63461.85; Magh_2080_Publish=332.01; Falgun_2080_Publish-1=63461.85; Falgun_2080_Publish-1=332.01; Chaitra_2080_Publish=63461.85; Chaitra_2080_Publish=332.01; Shrawan_2081_Publish-1=63461.85; Shrawan_2081_Publish-1=332.01; Baisakh_2081_Publish=63461.85; Baisakh_2081_Publish=332.01; Jestha_2081_Publish-2=63461.85; Jestha_2081_Publish-2=332.01; Asar_2081_Publish=63461.85; Asar_2081_Publish=332.01
C6,others,system_total,Ashadh 2076 (Mid-July 2019),24,20.50417889,3855.3990294399996,187.02991576123534,Bhadra_2078_V1.1=3855.40; Bhadra_2078_V1.1=20.50; Ashwin2078_NFRS_Publish=3855.40; Ashwin2078_NFRS_Publish=20.50; Kartik2078_NFRS_Publish-1=3855.40; Kartik2078_NFRS_Publish-1=20.50; Manghir-2078=3855.40; Manghir-2078=20.50; Poush-2078_Publish=3855.40; Poush-2078_Publish=20.50; Magh2078_NFRS_Publish-1=3855.40; Magh2078_NFRS_Publish-1=20.50; Falgun2078_NFRS_Publish=3855.40; Falgun2078_NFRS_Publish=20.50; Chaitra-2078=3855.40; Chaitra-2078=20.50; Shrawan_2079_PublishV1=3855.40; Shrawan_2079_PublishV1=20.50; Baishakh-2079=3855.40; Baishakh-2079=20.50; Jestha2079_PublishV1=3855.40; Jestha2079_PublishV1=20.50; Ashar2079_Publish=3855.40; Ashar2079_Publish=20.50
C5,profit-loss-a-c,system_total,Ashadh 2078 (Mid-July 2021),28,407.3521497903803,69757.42709896194,170.24600210127397,Shrawan-2078-2=69757.43; Shrawan-2078-2=407.35; Ashadh-2078-2=69757.43; Ashadh-2078-2=407.35; Bhadra_2080_Publish-2=69757.43; Bhadra_2080_Publish-2=407.35; Asoj_2080_publish=69757.43; Asoj_2080_publish=407.35; Kartik_2080_Publish=69757.43; Kartik_2080_Publish=407.35; Mangshir_2080_Publish=69757.43; Mangshir_2080_Publish=407.35; Poush_2080_Publish-2=69757.43; Poush_2080_Publish-2=407.35; Magh_2080_Publish=69757.43; Magh_2080_Publish=407.35; Falgun_2080_Publish-1=69757.43; Falgun_2080_Publish-1=407.35; Chaitra_2080_Publish=69757.43; Chaitra_2080_Publish=407.35; Shrawan_2081_Publish-1=69757.43; Shrawan_2081_Publish-1=407.35; Baisakh_2081_Publish=69757.43; Baisakh_2081_Publish=407.35; Jestha_2081_Publish-2=69757.43; Jestha_2081_Publish-2=407.35; Asar_2081_Publish=69757.43; Asar_2081_Publish=407.35
C6,others,commercial,Ashadh 2077 (Mid-July 2020),24,33.1587511,5560.891280411036,166.70508827791875,Bhadra_2079_Publish=5560.89; Bhadra_2079_Publish=33.16; Asoj_2079_PublishV1=5560.89; Asoj_2079_PublishV1=33.16; Kartik2079_publish=5560.89; Kartik2079_publish=33.16; Mangsir_2079_Publish_V1=5560.89; Mangsir_2079_Publish_V1=33.16; Poush2079_Publish-1=5560.89; Poush2079_Publish-1=33.16; Magh_2079_Publish-4=5560.89; Magh_2079_Publish-4=33.16; Falgun_2079_Publish-4=5560.89; Falgun_2079_Publish-4=33.16; Chaitra_2079_Publish=5560.89; Chaitra_2079_Publish=33.16; Saun_2080_Publish-3=5560.89; Saun_2080_Publish-3=33.16; Baisakh_2080_Publish-1=5560.89; Baisakh_2080_Publish-1=33.16; Jestha_2080_Publish=5560.89; Jestha_2080_Publish=33.16; Asar_2080_Publish=5560.89; Asar_2080_Publish=33.16
C6,others,finance,Ashadh 2081 (Mid-July 2024),4,0.50718255,84.71608605,166.0327302270159,Shrawan_2081_Publish-1=84.72; Shrawan_2081_Publish-1=0.51; Asar_2081_Publish=84.72; Asar_2081_Publish=0.51
C6,others,system_total,Jestha 2081 (Mid-June 2024),4,133.00356441000002,21759.679325891604,162.60222692088678,Jestha_2081_Publish-2=21759.68; Jestha_2081_Publish-2=133.00; Asar_2081_Publish=21759.68; Asar_2081_Publish=133.00
C6,others,system_total,Ashadh 2077 (Mid-July 2020),24,35.81888042,5745.901568681036,159.4154429537314,Bhadra_2079_Publish=5745.90; Bhadra_2079_Publish=35.82; Asoj_2079_PublishV1=5745.90; Asoj_2079_PublishV1=35.82; Kartik2079_publish=5745.90; Kartik2079_publish=35.82; Mangsir_2079_Publish_V1=5745.90; Mangsir_2079_Publish_V1=35.82; Poush2079_Publish-1=5745.90; Poush2079_Publish-1=35.82; Magh_2079_Publish-4=5745.90; Magh_2079_Publish-4=35.82; Falgun_2079_Publish-4=5745.90; Falgun_2079_Publish-4=35.82; Chaitra_2079_Publish=5745.90; Chaitra_2079_Publish=35.82; Saun_2080_Publish-3=5745.90; Saun_2080_Publish-3=35.82; Baisakh_2080_Publish-1=5745.90; Baisakh_2080_Publish-1=35.82; Jestha_2080_Publish=5745.90; Jestha_2080_Publish=35.82; Asar_2080_Publish=5745.90; Asar_2080_Publish=35.82
C6,others,commercial,Jestha 2081 (Mid-June 2024),4,132.49638186,20944.131707018732,157.07323500462815,Jestha_2081_Publish-2=20944.13; Jestha_2081_Publish-2=132.50; Asar_2081_Publish=20944.13; Asar_2081_Publish=132.50
C6,others,finance,Jestha 2081 (Mid-June 2024),4,0.50718255,79.1826643,155.12261167108372,Jestha_2081_Publish-2=79.18; Jestha_2081_Publish-2=0.51; Asar_2081_Publish=79.18; Asar_2081_Publish=0.51
C6,others,system_total,Baisakh 2081 (Mid-May 2024),4,127.75371950999998,19748.5241850989,153.58277270395305,Baisakh_2081_Publish=19748.52; Baisakh_2081_Publish=127.75; Jestha_2081_Publish-2=19748.52; Jestha_2081_Publish-2=127.75
C6,others,commercial,Baisakh 2081 (Mid-May 2024),4,127.24653695999999,19004.127691019134,148.34887930972212,Baisakh_2081_Publish=19004.13; Baisakh_2081_Publish=127.25; Jestha_2081_Publish-2=19004.13; Jestha_2081_Publish-2=127.25
C5,profit-loss-a-c,finance,Ashadh 2079 (Mid-July 2022),30,6.43081,956.6349995131277,147.75808794119678,Shrawan_2079_PublishV1=956.63; Shrawan_2079_PublishV1=6.43; Ashar2079_Publish=956.63; Ashar2079_Publish=6.43; Bhadau_2081_Publish-1=956.63; Bhadau_2081_Publish-1=6.43; Ashwin_2081_Publish-1=956.63; Ashwin_2081_Publish-1=6.43; Kartik_2081_Publish=956.63; Kartik_2081_Publish=6.43; Mangsir_2081_Publish-V2=956.63; Mangsir_2081_Publish-V2=6.43; Poush_2081_Publish_2=956.63; Poush_2081_Publish_2=6.43; Magh_2081_Publish-3=956.63; Magh_2081_Publish-3=6.43; Falgun_2081_Publish=956.63; Falgun_2081_Publish=6.43; Chaitra_2081_Publish=956.63; Chaitra_2081_Publish=6.43; Saun-2082-Publish=956.63; Saun-2082-Publish=6.43; Bhadau_2082_Publish=956.63; Bhadau_2082_Publish=6.43; Baisakh_2082_Publish-1=956.63; Baisakh_2082_Publish-1=6.43; Jestha_2082_Publish-3=956.63; Jestha_2082_Publish-3=6.43; Asar_2082_Publish=956.63; Asar_2082_Publish=6.43
C6,others,system_total,Chait 2081 (Mid-Apr 2024),4,119.67634403999999,17776.572075219872,147.53872933550113,Chaitra_2080_Publish=17776.57; Chaitra_2080_Publish=119.68; Baisakh_2081_Publish=17776.57; Baisakh_2081_Publish=119.68
C6,others,system_total,Ashadh 2081 (Mid-July 2024),4,165.22477166000002,24078.984788263286,144.73471366517055,Shrawan_2081_Publish-1=24078.98; Shrawan_2081_Publish-1=165.22; Asar_2081_Publish=24078.98; Asar_2081_Publish=165.22
C6,others,finance,Baisakh 2081 (Mid-May 2024),4,0.50718255,72.86101898999999,142.65837111312285,Baisakh_2081_Publish=72.86; Baisakh_2081_Publish=0.51; Jestha_2081_Publish-2=72.86; Jestha_2081_Publish-2=0.51
C6,others,commercial,Chait 2081 (Mid-Apr 2024),4,119.16916149,17100.569495010197,142.49827825586556,Chaitra_2080_Publish=17100.57; Chaitra_2080_Publish=119.17; Baisakh_2081_Publish=17100.57; Baisakh_2081_Publish=119.17
C5,profit-loss-a-c,system_total,Bhadra 2079 (Mid-Sept 2022),4,122.7942487632003,17519.01276116764,141.66965218339968,Bhadra_2079_Publish=17519.01; Bhadra_2079_Publish=122.79; Asoj_2079_PublishV1=17519.01; Asoj_2079_PublishV1=122.79
C6,others,system_total,Falgun 2082 (Mid-Mar 2025),4,100.33932667,14228.631971353409,140.8051370640457,Falgun_2081_Publish=14228.63; Falgun_2081_Publish=100.34; Chaitra_2081_Publish=14228.63; Chaitra_2081_Publish=100.34
C5,profit-loss-a-c,system_total,Ashwin 2078 (Mid-Oct 2021),4,140.14046921607243,19717.049540230437,139.69490169773977,Ashwin2078_NFRS_Publish=19717.05; Ashwin2078_NFRS_Publish=140.14; Kartik2078_NFRS_Publish-1=19717.05; Kartik2078_NFRS_Publish-1=140.14
C6,others,commercial,Ashadh 2081 (Mid-July 2024),4,164.71758911,23148.144540748566,139.53231756136262,Shrawan_2081_Publish-1=23148.14; Shrawan_2081_Publish-1=164.72; Asar_2081_Publish=23148.14; Asar_2081_Publish=164.72
C5,profit-loss-a-c,system_total,Ashadh 2077 (Mid-July 2020),24,425.9311988290757,59044.89556370106,137.62542994272536,Bhadra_2079_Publish=59044.90; Bhadra_2079_Publish=425.93; Asoj_2079_PublishV1=59044.90; Asoj_2079_PublishV1=425.93; Kartik2079_publish=59044.90; Kartik2079_publish=425.93; Mangsir_2079_Publish_V1=59044.90; Mangsir_2079_Publish_V1=425.93; Poush2079_Publish-1=59044.90; Poush2079_Publish-1=425.93; Magh_2079_Publish-4=59044.90; Magh_2079_Publish-4=425.93; Falgun_2079_Publish-4=59044.90; Falgun_2079_Publish-4=425.93; Chaitra_2079_Publish=59044.90; Chaitra_2079_Publish=425.93; Saun_2080_Publish-3=59044.90; Saun_2080_Publish-3=425.93; Baisakh_2080_Publish-1=59044.90; Baisakh_2080_Publish-1=425.93; Jestha_2080_Publish=59044.90; Jestha_2080_Publish=425.93; Asar_2080_Publish=59044.90; Asar_2080_Publish=425.93
C6,others,commercial,Falgun 2082 (Mid-Mar 2025),4,100.33932667,13676.616394130075,135.30364930701876,Falgun_2081_Publish=13676.62; Falgun_2081_Publish=100.34; Chaitra_2081_Publish=13676.62; Chaitra_2081_Publish=100.34
C6,others,system_total,Jestha 2082 (Mid-June 2025),4,146.23984238,19646.062528370727,133.34138199712362,Jestha_2082_Publish-3=19646.06; Jestha_2082_Publish-3=146.24; Asar_2082_Publish=19646.06; Asar_2082_Publish=146.24
C6,others,finance,Chait 2081 (Mid-Apr 2024),4,0.50718255,66.78841340000001,130.6851563603677,Chaitra_2080_Publish=66.79; Chaitra_2080_Publish=0.51; Baisakh_2081_Publish=66.79; Baisakh_2081_Publish=0.51
C6,others,commercial,Jestha 2082 (Mid-June 2025),4,146.23984238,18873.633562847775,128.05944957055672,Jestha_2082_Publish-3=18873.63; Jestha_2082_Publish-3=146.24; Asar_2082_Publish=18873.63; Asar_2082_Publish=146.24
C6,others,system_total,Magh 2082 (Mid-Feb 2025),4,97.75771892,12527.618320141317,127.14965875373268,Magh_2081_Publish-3=12527.62; Magh_2081_Publish-3=97.76; Falgun_2081_Publish=12527.62; Falgun_2081_Publish=97.76
C5,profit-loss-a-c,system_total,Ashadh 2081 (Mid-July 2024),4,496.91979121592004,61824.983715766466,123.41642455915479,Shrawan_2081_Publish-1=61824.98; Shrawan_2081_Publish-1=496.92; Asar_2081_Publish=61824.98; Asar_2081_Publish=496.92
C6,others,commercial,Magh 2082 (Mid-Feb 2025),4,97.75771892,12044.753729434044,122.21025758887504,Magh_2081_Publish-3=12044.75; Magh_2081_Publish-3=97.76; Falgun_2081_Publish=12044.75; Falgun_2081_Publish=97.76
C6,others,system_total,Baisakh 2082 (Mid-May 2025),4,146.11236943000003,17892.655113703393,121.45818190139926,Baisakh_2082_Publish-1=17892.66; Baisakh_2082_Publish-1=146.11; Jestha_2082_Publish-3=17892.66; Jestha_2082_Publish-3=146.11
C6,others,finance,Falgun 2081 (Mid-Mar 2024),4,0.50718255,60.911703980000006,119.09818551525481,Falgun_2080_Publish-1=60.91; Falgun_2080_Publish-1=0.51; Chaitra_2080_Publish=60.91; Chaitra_2080_Publish=0.51
C6,others,system_total,Poush 2082 (Mid-Jan 2025),4,91.25089894999999,10949.577743609385,118.9941904091169,Poush_2081_Publish_2=10949.58; Poush_2081_Publish_2=91.25; Magh_2081_Publish-3=10949.58; Magh_2081_Publish-3=91.25
C6,others,commercial,Baisakh 2082 (Mid-May 2025),4,146.11236943000003,17193.688355805487,116.67442019371737,Baisakh_2082_Publish-1=17193.69; Baisakh_2082_Publish-1=146.11; Jestha_2082_Publish-3=17193.69; Jestha_2082_Publish-3=146.11
C6,others,commercial,Poush 2082 (Mid-Jan 2025),4,91.25089894999999,10535.12304151878,114.45226581593892,Poush_2081_Publish_2=10535.12; Poush_2081_Publish_2=91.25; Magh_2081_Publish-3=10535.12; Magh_2081_Publish-3=91.25
C5,profit-loss-a-c,development,Ashadh 2079 (Mid-July 2022),30,56.128,6339.672077181521,111.95025793154078,Shrawan_2079_PublishV1=6339.67; Shrawan_2079_PublishV1=56.13; Ashar2079_Publish=6339.67; Ashar2079_Publish=56.13; Bhadau_2081_Publish-1=6339.67; Bhadau_2081_Publish-1=56.13; Ashwin_2081_Publish-1=6339.67; Ashwin_2081_Publish-1=56.13; Kartik_2081_Publish=6339.67; Kartik_2081_Publish=56.13; Mangsir_2081_Publish-V2=6339.67; Mangsir_2081_Publish-V2=56.13; Poush_2081_Publish_2=6339.67; Poush_2081_Publish_2=56.13; Magh_2081_Publish-3=6339.67; Magh_2081_Publish-3=56.13; Falgun_2081_Publish=6339.67; Falgun_2081_Publish=56.13; Chaitra_2081_Publish=6339.67; Chaitra_2081_Publish=56.13; Saun-2082-Publish=6339.67; Saun-2082-Publish=56.13; Bhadau_2082_Publish=6339.67; Bhadau_2082_Publish=56.13; Baisakh_2082_Publish-1=6339.67; Baisakh_2082_Publish-1=56.13; Jestha_2082_Publish-3=6339.67; Jestha_2082_Publish-3=56.13; Asar_2082_Publish=6339.67; Asar_2082_Publish=56.13
C6,others,finance,Magh 2081 (Mid-Feb 2024),4,0.50718255,55.034991680000005,107.51120899171315,Magh_2080_Publish=55.03; Magh_2080_Publish=0.51; Falgun_2080_Publish-1=55.03; Falgun_2080_Publish-1=0.51
C6,others,system_total,Mangsir 2081 (Mid-Dec 2024),4,85.52042347,9178.890465426919,106.32980606260462,Mangsir_2081_Publish-V2=9178.89; Mangsir_2081_Publish-V2=85.52; Poush_2081_Publish_2=9178.89; Poush_2081_Publish_2=85.52
C6,others,finance,Jestha 2080 (Mid-June 2023),4,4.28149245,454.01487022651526,105.04126377158865,Jestha_2080_Publish=454.01; Jestha_2080_Publish=4.28; Asar_2080_Publish=454.01; Asar_2080_Publish=4.28
C5,profit-loss-a-c,system_total,Bhadra 2078 (Mid-Sept 2021),4,143.83184501858,14933.140449307984,102.82360350991077,Bhadra_2078_V1.1=14933.14; Bhadra_2078_V1.1=143.83; Ashwin2078_NFRS_Publish=14933.14; Ashwin2078_NFRS_Publish=143.83
C6,others,commercial,Mangsir 2081 (Mid-Dec 2024),4,85.52042347,8830.37741825152,102.25460351993182,Mangsir_2081_Publish-V2=8830.38; Mangsir_2081_Publish-V2=85.52; Poush_2081_Publish_2=8830.38; Poush_2081_Publish_2=85.52
C6,others,finance,Baisakh 2080 (Mid-May 2023),4,4.28149245,427.65500337000003,98.88456323682179,Baisakh_2080_Publish-1=427.66; Baisakh_2080_Publish-1=4.28; Jestha_2080_Publish=427.66; Jestha_2080_Publish=4.28
C5,profit-loss-a-c,commercial,Mangsir 2080 (Mid-Dec 2023),4,278.83642084345365,27152.12680765012,96.37654329917704,Mangshir_2080_Publish=27152.13; Mangshir_2080_Publish=278.84; Poush_2080_Publish-2=27152.13; Poush_2080_Publish-2=278.84
C6,others,finance,Poush 2081 (Mid-Jan 2024),4,0.50718255,49.153486720000004,95.91478289227419,Poush_2080_Publish-2=49.15; Poush_2080_Publish-2=0.51; Magh_2080_Publish=49.15; Magh_2080_Publish=0.51
C6,others,finance,Chait 2080 (Mid-Apr 2023),4,4.28149245,410.553829860274,94.89035474306957,Chaitra_2079_Publish=410.55; Chaitra_2079_Publish=4.28; Baisakh_2080_Publish-1=410.55; Baisakh_2080_Publish-1=4.28
C6,others,system_total,Kartik 2081 (Mid-Nov 2024),4,78.25005793000001,7402.210479537311,93.59686900371486,Kartik_2081_Publish=7402.21; Kartik_2081_Publish=78.25; Mangsir_2081_Publish-V2=7402.21; Mangsir_2081_Publish-V2=78.25
C6,others,system_total,Ashadh 2075 (Mid-July 2018),4,28.87049781000419,2712.9562687005796,92.96984723140062,Shrawan-2078-2=2712.96; Shrawan-2078-2=28.87; Ashadh-2078-2=2712.96; Ashadh-2078-2=28.87
C6,others,commercial,Kartik 2081 (Mid-Nov 2024),4,78.25005793000001,7121.200785176397,90.00569345963673,Kartik_2081_Publish=7121.20; Kartik_2081_Publish=78.25; Mangsir_2081_Publish-V2=7121.20; Mangsir_2081_Publish-V2=78.25
C5,profit-loss-a-c,system_total,Jestha 2080 (Mid-June 2023),4,784.4377085255242,69903.09877976317,88.1123642069135,Jestha_2080_Publish=69903.10; Jestha_2080_Publish=784.44; Asar_2080_Publish=69903.10; Asar_2080_Publish=784.44
C5,profit-loss-a-c,finance,Chait 2079 (Mid-Apr 2022),4,5.76325,492.7084372014374,84.49142188894068,Chaitra-2078=492.71; Chaitra-2078=5.76; Baishakh-2079=492.71; Baishakh-2079=5.76
C5,profit-loss-a-c,commercial,Poush 2082 (Mid-Jan 2025),4,352.4707342430246,27789.469102106057,77.84191906538695,Poush_2081_Publish_2=27789.47; Poush_2081_Publish_2=352.47; Magh_2081_Publish-3=27789.47; Magh_2081_Publish-3=352.47
C5,profit-loss-a-c,commercial,Mangsir 2081 (Mid-Dec 2024),4,352.4707342430246,27758.567688370826,77.75424820158716,Mangsir_2081_Publish-V2=27758.57; Mangsir_2081_Publish-V2=352.47; Poush_2081_Publish_2=27758.57; Poush_2081_Publish_2=352.47
C5,profit-loss-a-c,system_total,Kartik 2079 (Mid-Nov 2022),4,341.23518029062495,26556.215216873363,76.82379060170709,Kartik2079_publish=26556.22; Kartik2079_publish=341.24; Mangsir_2079_Publish_V1=26556.22; Mangsir_2079_Publish_V1=341.24
C5,profit-loss-a-c,commercial,Chait 2080 (Mid-Apr 2023),4,579.9605735289838,45105.417384953595,76.77324777526353,Chaitra_2079_Publish=45105.42; Chaitra_2079_Publish=579.96; Baisakh_2080_Publish-1=45105.42; Baisakh_2080_Publish-1=579.96
C5,profit-loss-a-c,development,Shrawan 2078 (Mid-Aug 2021),4,7.68383829,577.2059392915803,74.11948033091419,Shrawan-2078-2=577.21; Shrawan-2078-2=7.68; Bhadra_2078_V1.1=577.21; Bhadra_2078_V1.1=7.68
C6,others,system_total,Ashwin 2081 (Mid-Oct 2024),4,74.96339608999999,5617.731954215378,73.93966718731377,Ashwin_2081_Publish-1=5617.73; Ashwin_2081_Publish-1=74.96; Kartik_2081_Publish=5617.73; Kartik_2081_Publish=74.96
C5,profit-loss-a-c,system_total,Baisakh 2080 (Mid-May 2023),4,803.0042179955285,59628.79651841213,73.2571398532108,Baisakh_2080_Publish-1=59628.80; Baisakh_2080_Publish-1=803.00; Jestha_2080_Publish=59628.80; Jestha_2080_Publish=803.00
C5,profit-loss-a-c,commercial,Kartik 2078 (Mid-Nov 2021),4,319.7749914899106,23449.187051966615,72.33027183492702,Kartik2078_NFRS_Publish-1=23449.19; Kartik2078_NFRS_Publish-1=319.77; Manghir-2078=23449.19; Manghir-2078=319.77
C6,others,commercial,Ashwin 2081 (Mid-Oct 2024),4,74.96339608999999,5405.349480721543,71.10651814963074,Ashwin_2081_Publish-1=5405.35; Ashwin_2081_Publish-1=74.96; Kartik_2081_Publish=5405.35; Kartik_2081_Publish=74.96
C5,profit-loss-a-c,development,Falgun 2079 (Mid-Mar 2022),4,54.745272399999934,3877.003093169004,69.81895702046062,Falgun2078_NFRS_Publish=3877.00; Falgun2078_NFRS_Publish=54.75; Chaitra-2078=3877.00; Chaitra-2078=54.75
C5,profit-loss-a-c,commercial,Ashwin 2079 (Mid-Oct 2022),4,260.015701765673,18311.843634297802,69.42591470418388,Asoj_2079_PublishV1=18311.84; Asoj_2079_PublishV1=260.02; Kartik2079_publish=18311.84; Kartik2079_publish=260.02
C5,profit-loss-a-c,commercial,Ashadh 2080 (Mid-July 2023),4,1001.3189103296199,68213.47571297118,67.12362675794895,Saun_2080_Publish-3=68213.48; Saun_2080_Publish-3=1001.32; Asar_2080_Publish=68213.48; Asar_2080_Publish=1001.32
C5,profit-loss-a-c,system_total,Falgun 2081 (Mid-Mar 2024),4,698.7634933108576,46391.700117351545,65.39113313939737,Falgun_2080_Publish-1=46391.70; Falgun_2080_Publish-1=698.76; Chaitra_2080_Publish=46391.70; Chaitra_2080_Publish=698.76
C5,profit-loss-a-c,finance,Poush 2079 (Mid-Jan 2022),4,4.6815500000000005,309.26876298401646,65.06118977347596,Poush-2078_Publish=309.27; Poush-2078_Publish=4.68; Magh2078_NFRS_Publish-1=309.27; Magh2078_NFRS_Publish-1=4.68
C6,others,finance,Ashadh 2080 (Mid-July 2023),4,6.98024405,459.60419265591685,64.84357070665988,Saun_2080_Publish-3=459.60; Saun_2080_Publish-3=6.98; Asar_2080_Publish=459.60; Asar_2080_Publish=6.98
C5,profit-loss-a-c,commercial,Poush 2081 (Mid-Jan 2024),4,434.2796254863323,28452.3461545386,64.51618930470423,Poush_2080_Publish-2=28452.35; Poush_2080_Publish-2=434.28; Magh_2080_Publish=28452.35; Magh_2080_Publish=434.28
C5,profit-loss-a-c,system_total,Bhadra 2081 (Mid-Sept 2024),4,281.70421341216854,18118.759037648004,63.31838139083135,Bhadau_2081_Publish-1=18118.76; Bhadau_2081_Publish-1=281.70; Ashwin_2081_Publish-1=18118.76; Ashwin_2081_Publish-1=281.70
C5,profit-loss-a-c,development,Magh 2079 (Mid-Feb 2022),4,54.16249379999976,3482.263302167603,63.29289085222325,Magh2078_NFRS_Publish-1=3482.26; Magh2078_NFRS_Publish-1=54.16; Falgun2078_NFRS_Publish=3482.26; Falgun2078_NFRS_Publish=54.16
C5,profit-loss-a-c,system_total,Magh 2080 (Mid-Feb 2023),4,665.8310673189624,42741.368157711324,63.19251106712978,Magh_2079_Publish-4=42741.37; Magh_2079_Publish-4=665.83; Falgun_2079_Publish-4=42741.37; Falgun_2079_Publish-4=665.83
C5,profit-loss-a-c,system_total,Falgun 2080 (Mid-Mar 2023),4,802.4776320345752,50722.572385467654,62.20745944889121,Falgun_2079_Publish-4=50722.57; Falgun_2079_Publish-4=802.48; Chaitra_2079_Publish=50722.57; Chaitra_2079_Publish=802.48
C6,others,finance,Bhadra 2080 (Mid-Sept 2023),4,0.36053835,21.78893825,59.43445378279454,Bhadra_2080_Publish-2=21.79; Bhadra_2080_Publish-2=0.36; Asoj_2080_publish=21.79; Asoj_2080_publish=0.36
C6,others,finance,Jestha 2078 (Mid-June 2021),2,1.02115953,60.84137024,58.58067123948792,Ashadh-2078-2=60.84; Ashadh-2078-2=1.02
C5,profit-loss-a-c,finance,Kartik 2078 (Mid-Nov 2021),4,3.6999299999999997,216.16227427502247,57.42334159700926,Kartik2078_NFRS_Publish-1=216.16; Kartik2078_NFRS_Publish-1=3.70; Manghir-2078=216.16; Manghir-2078=3.70
C5,profit-loss-a-c,system_total,Shrawan 2079 (Mid-Aug 2022),4,163.72122964254584,9484.328233161608,56.92973980142242,Shrawan_2079_PublishV1=9484.33; Shrawan_2079_PublishV1=163.72; Bhadra_2079_Publish=9484.33; Bhadra_2079_Publish=163.72
C5,profit-loss-a-c,system_total,Magh 2081 (Mid-Feb 2024),4,647.6604174756892,37406.072663369596,56.75568747764902,Magh_2080_Publish=37406.07; Magh_2080_Publish=647.66; Falgun_2080_Publish-1=37406.07; Falgun_2080_Publish-1=647.66
C5,profit-loss-a-c,system_total,Kartik 2078 (Mid-Nov 2021),4,457.31973788687077,25599.139228577973,54.976458280290856,Kartik2078_NFRS_Publish-1=25599.14; Kartik2078_NFRS_Publish-1=457.32; Manghir-2078=25599.14; Manghir-2078=457.32
C5,profit-loss-a-c,commercial,Poush 2080 (Mid-Jan 2023),4,596.4154486954303,33148.41386046111,54.579401796127705,Poush2079_Publish-1=33148.41; Poush2079_Publish-1=596.42; Magh_2079_Publish-4=33148.41; Magh_2079_Publish-4=596.42
C5,profit-loss-a-c,system_total,Chait 2080 (Mid-Apr 2023),4,904.0345926541429,49312.589625840505,53.54723749128266,Chaitra_2079_Publish=49312.59; Chaitra_2079_Publish=904.03; Baisakh_2080_Publish-1=49312.59; Baisakh_2080_Publish-1=904.03
C5,profit-loss-a-c,development,Chait 2080 (Mid-Apr 2023),4,64.10542619691991,3482.6141477496635,53.32635510528739,Chaitra_2079_Publish=3482.61; Chaitra_2079_Publish=64.11; Baisakh_2080_Publish-1=3482.61; Baisakh_2080_Publish-1=64.11
C5,profit-loss-a-c,system_total,Jestha 2081 (Mid-June 2024),4,1010.8942077965119,54856.15088052467,53.26497694560631,Jestha_2081_Publish-2=54856.15; Jestha_2081_Publish-2=1010.89; Asar_2081_Publish=54856.15; Asar_2081_Publish=1010.89
C5,profit-loss-a-c,system_total,Baisakh 2081 (Mid-May 2024),4,984.4917804151848,53082.04615944766,52.91822178247301,Baisakh_2081_Publish=53082.05; Baisakh_2081_Publish=984.49; Jestha_2081_Publish-2=53082.05; Jestha_2081_Publish-2=984.49
C5,profit-loss-a-c,commercial,Mangsir 2078 (Mid-Dec 2021),4,519.5285145622462,27969.313745154293,52.83595502687891,Manghir-2078=27969.31; Manghir-2078=519.53; Poush-2078_Publish=27969.31; Poush-2078_Publish=519.53
C6,others,finance,Poush 2080 (Mid-Jan 2023),4,5.531726457366743,291.08618309,51.62121786632328,Poush2079_Publish-1=291.09; Poush2079_Publish-1=5.53; Magh_2079_Publish-4=291.09; Magh_2079_Publish-4=5.53
C5,profit-loss-a-c,commercial,Chait 2081 (Mid-Apr 2024),4,802.0373500032933,41485.12154786605,50.724675350463045,Chaitra_2080_Publish=41485.12; Chaitra_2080_Publish=802.04; Baisakh_2081_Publish=41485.12; Baisakh_2081_Publish=802.04
C6,others,finance,Ashadh 2075 (Mid-July 2018),4,0.7960395,40.07672265,49.34514323723886,Shrawan-2078-2=40.08; Shrawan-2078-2=0.80; Ashadh-2078-2=40.08; Ashadh-2078-2=0.80
C5,profit-loss-a-c,system_total,Bhadra 2082 (Mid-Sept 2025),2,357.62902749610913,17953.230976781077,49.20070966408452,Bhadau_2082_Publish=17953.23; Bhadau_2082_Publish=357.63
C5,profit-loss-a-c,system_total,Ashwin 2079 (Mid-Oct 2022),4,394.23093700209546,19687.978306750596,48.94021640327519,Asoj_2079_PublishV1=19687.98; Asoj_2079_PublishV1=394.23; Kartik2079_publish=19687.98; Kartik2079_publish=394.23
C5,profit-loss-a-c,commercial,Mangsir 2079 (Mid-Dec 2022),4,632.2041941100565,31533.00502841483,48.87788015674797,Mangsir_2079_Publish_V1=31533.01; Mangsir_2079_Publish_V1=632.20; Poush2079_Publish-1=31533.01; Poush2079_Publish-1=632.20
C5,profit-loss-a-c,commercial,Kartik 2081 (Mid-Nov 2024),4,418.68769752626906,20603.301975040646,48.20923661423791,Kartik_2081_Publish=20603.30; Kartik_2081_Publish=418.69; Mangsir_2081_Publish-V2=20603.30; Mangsir_2081_Publish-V2=418.69
C5,profit-loss-a-c,development,Chait 2079 (Mid-Apr 2022),4,98.01445463999998,4717.277312970637,47.12838402556904,Chaitra-2078=4717.28; Chaitra-2078=98.01; Baishakh-2079=4717.28; Baishakh-2079=98.01
C5,profit-loss-a-c,system_total,Shrawan 2081 (Mid-Aug 2024),4,190.68102944183755,9162.719179266187,47.05259970584039,Shrawan_2081_Publish-1=9162.72; Shrawan_2081_Publish-1=190.68; Bhadau_2081_Publish-1=9162.72; Bhadau_2081_Publish-1=190.68
C5,profit-loss-a-c,system_total,Mangsir 2078 (Mid-Dec 2021),4,634.5610850561662,30462.252188765433,47.00523212996769,Manghir-2078=30462.25; Manghir-2078=634.56; Poush-2078_Publish=30462.25; Poush-2078_Publish=634.56
C5,profit-loss-a-c,finance,Jestha 2078 (Mid-June 2021),2,40.83382878081823,1939.6902654892679,46.50204238502467,Ashadh-2078-2=1939.69; Ashadh-2078-2=40.83
C5,profit-loss-a-c,system_total,Ashadh 2082 (Mid-July 2025),4,1481.102663907876,69865.76627440145,46.171454063867024,Saun-2082-Publish=69865.77; Saun-2082-Publish=1481.10; Asar_2082_Publish=69865.77; Asar_2082_Publish=1481.10
C6,others,system_total,Jestha 2078 (Mid-June 2021),2,170.71021840000003,7803.440606474002,44.71161984099483,Ashadh-2078-2=7803.44; Ashadh-2078-2=170.71
C6,others,commercial,Jestha 2078 (Mid-June 2021),2,169.68905887000003,7683.6001750640025,44.28046903100843,Ashadh-2078-2=7683.60; Ashadh-2078-2=169.69
C5,profit-loss-a-c,development,Baisakh 2079 (Mid-May 2022),4,122.14395595000013,5193.740648921341,41.521470739390566,Baishakh-2079=5193.74; Baishakh-2079=122.14; Jestha2079_PublishV1=5193.74; Jestha2079_PublishV1=122.14
C5,profit-loss-a-c,development,Poush 2079 (Mid-Jan 2022),4,75.69409201227992,3105.4385295641478,40.02616792153805,Poush-2078_Publish=3105.44; Poush-2078_Publish=75.69; Magh2078_NFRS_Publish-1=3105.44; Magh2078_NFRS_Publish-1=75.69
C5,profit-loss-a-c,system_total,Ashadh 2080 (Mid-July 2023),4,1831.2114775800405,75002.0283713572,39.95760063194499,Saun_2080_Publish-3=75002.03; Saun_2080_Publish-3=1831.21; Asar_2080_Publish=75002.03; Asar_2080_Publish=1831.21
C6,due-to-change-in-exchange-rates,commercial,Chait 2079 (Mid-Apr 2022),2,27.822162029999994,1114.6865990880256,39.064700862790055,Chaitra-2078=27.82; Baishakh-2079=1114.69
C5,profit-loss-a-c,development,Jestha 2079 (Mid-June 2022),4,145.14536372999981,5792.022562320443,38.90497810935797,Jestha2079_PublishV1=5792.02; Jestha2079_PublishV1=145.15; Ashar2079_Publish=5792.02; Ashar2079_Publish=145.15
C5,profit-loss-a-c,finance,Mangsir 2078 (Mid-Dec 2021),4,6.576381251099972,255.43535128905106,37.841323447652414,Manghir-2078=255.44; Manghir-2078=6.58; Poush-2078_Publish=255.44; Poush-2078_Publish=6.58
C6,due-to-change-in-exchange-rates,system_total,Chait 2079 (Mid-Apr 2022),2,29.099032983199994,1115.9634700412255,37.350534558502844,Chaitra-2078=29.10; Baishakh-2079=1115.96
C5,profit-loss-a-c,finance,Falgun 2079 (Mid-Mar 2022),4,12.18467,450.01387468084584,35.932791341976916,Falgun2078_NFRS_Publish=450.01; Falgun2078_NFRS_Publish=12.18; Chaitra-2078=450.01; Chaitra-2078=12.18
C6,others,system_total,Ashadh 2078 (Mid-July 2021),28,248.44076998,9158.280994082328,35.86303578442294,Shrawan-2078-2=9158.28; Shrawan-2078-2=248.44; Ashadh-2078-2=9158.28; Ashadh-2078-2=248.44; Bhadra_2080_Publish-2=9158.28; Bhadra_2080_Publish-2=248.44; Asoj_2080_publish=9158.28; Asoj_2080_publish=248.44; Kartik_2080_Publish=9158.28; Kartik_2080_Publish=248.44; Mangshir_2080_Publish=9158.28; Mangshir_2080_Publish=248.44; Poush_2080_Publish-2=9158.28; Poush_2080_Publish-2=248.44; Magh_2080_Publish=9158.28; Magh_2080_Publish=248.44; Falgun_2080_Publish-1=9158.28; Falgun_2080_Publish-1=248.44; Chaitra_2080_Publish=9158.28; Chaitra_2080_Publish=248.44; Shrawan_2081_Publish-1=9158.28; Shrawan_2081_Publish-1=248.44; Baisakh_2081_Publish=9158.28; Baisakh_2081_Publish=248.44; Jestha_2081_Publish-2=9158.28; Jestha_2081_Publish-2=248.44; Asar_2081_Publish=9158.28; Asar_2081_Publish=248.44
C5,profit-loss-a-c,system_total,Jestha 2082 (Mid-June 2025),4,1615.1431223429104,59423.691425686535,35.7915948770454,Jestha_2082_Publish-3=59423.69; Jestha_2082_Publish-3=1615.14; Asar_2082_Publish=59423.69; Asar_2082_Publish=1615.14
C6,others,commercial,Ashadh 2078 (Mid-July 2021),28,248.44076998,8971.15767386233,35.109844912268336,Shrawan-2078-2=8971.16; Shrawan-2078-2=248.44; Ashadh-2078-2=8971.16; Ashadh-2078-2=248.44; Bhadra_2080_Publish-2=8971.16; Bhadra_2080_Publish-2=248.44; Asoj_2080_publish=8971.16; Asoj_2080_publish=248.44; Kartik_2080_Publish=8971.16; Kartik_2080_Publish=248.44; Mangshir_2080_Publish=8971.16; Mangshir_2080_Publish=248.44; Poush_2080_Publish-2=8971.16; Poush_2080_Publish-2=248.44; Magh_2080_Publish=8971.16; Magh_2080_Publish=248.44; Falgun_2080_Publish-1=8971.16; Falgun_2080_Publish-1=248.44; Chaitra_2080_Publish=8971.16; Chaitra_2080_Publish=248.44; Shrawan_2081_Publish-1=8971.16; Shrawan_2081_Publish-1=248.44; Baisakh_2081_Publish=8971.16; Baisakh_2081_Publish=248.44; Jestha_2081_Publish-2=8971.16; Jestha_2081_Publish-2=248.44; Asar_2081_Publish=8971.16; Asar_2081_Publish=248.44
C6,others,finance,Ashadh 2077 (Mid-July 2020),24,2.65556932,95.86811211,35.100775599410824,Bhadra_2079_Publish=95.87; Bhadra_2079_Publish=2.66; Asoj_2079_PublishV1=95.87; Asoj_2079_PublishV1=2.66; Kartik2079_publish=95.87; Kartik2079_publish=2.66; Mangsir_2079_Publish_V1=95.87; Mangsir_2079_Publish_V1=2.66; Poush2079_Publish-1=95.87; Poush2079_Publish-1=2.66; Magh_2079_Publish-4=95.87; Magh_2079_Publish-4=2.66; Falgun_2079_Publish-4=95.87; Falgun_2079_Publish-4=2.66; Chaitra_2079_Publish=95.87; Chaitra_2079_Publish=2.66; Saun_2080_Publish-3=95.87; Saun_2080_Publish-3=2.66; Baisakh_2080_Publish-1=95.87; Baisakh_2080_Publish-1=2.66; Jestha_2080_Publish=95.87; Jestha_2080_Publish=2.66; Asar_2080_Publish=95.87; Asar_2080_Publish=2.66
C5,profit-loss-a-c,system_total,Bhadra 2080 (Mid-Sept 2023),4,479.50742759513787,17269.455407846614,35.01499041309475,Bhadra_2080_Publish-2=17269.46; Bhadra_2080_Publish-2=479.51; Asoj_2080_publish=17269.46; Asoj_2080_publish=479.51
C5,profit-loss-a-c,system_total,Poush 2080 (Mid-Jan 2023),4,1052.2700627432625,35912.39363455738,33.12849505661499,Poush2079_Publish-1=35912.39; Poush2079_Publish-1=1052.27; Magh_2079_Publish-4=35912.39; Magh_2079_Publish-4=1052.27
C5,profit-loss-a-c,system_total,Baisakh 2082 (Mid-May 2025),4,1583.5454363877966,52819.872794868534,32.35545136952635,Baisakh_2082_Publish-1=52819.87; Baisakh_2082_Publish-1=1583.55; Jestha_2082_Publish-3=52819.87; Jestha_2082_Publish-3=1583.55
C6,others,finance,Shrawan 2080 (Mid-Aug 2023),4,0.36053835,11.97936707,32.22633242760444,Saun_2080_Publish-3=11.98; Saun_2080_Publish-3=0.36; Bhadra_2080_Publish-2=11.98; Bhadra_2080_Publish-2=0.36
C5,profit-loss-a-c,system_total,Mangsir 2079 (Mid-Dec 2022),4,1092.803637331615,34106.346664089644,30.209949801567106,Mangsir_2079_Publish_V1=34106.35; Mangsir_2079_Publish_V1=1092.80; Poush2079_Publish-1=34106.35; Poush2079_Publish-1=1092.80
C5,profit-loss-a-c,system_total,Shrawan 2080 (Mid-Aug 2023),4,328.5495989498851,9059.585672465828,26.574484039615953,Saun_2080_Publish-3=9059.59; Saun_2080_Publish-3=328.55; Bhadra_2080_Publish-2=9059.59; Bhadra_2080_Publish-2=328.55
C5,profit-loss-a-c,system_total,Chait 2081 (Mid-Apr 2024),4,1656.5991282308823,45431.24411735637,26.42440421653087,Chaitra_2080_Publish=45431.24; Chaitra_2080_Publish=1656.60; Baisakh_2081_Publish=45431.24; Baisakh_2081_Publish=1656.60
C5,profit-loss-a-c,finance,Ashadh 2076 (Mid-July 2019),24,66.30222031,1804.668583252376,26.21882577709374,Bhadra_2078_V1.1=1804.67; Bhadra_2078_V1.1=66.30; Ashwin2078_NFRS_Publish=1804.67; Ashwin2078_NFRS_Publish=66.30; Kartik2078_NFRS_Publish-1=1804.67; Kartik2078_NFRS_Publish-1=66.30; Manghir-2078=1804.67; Manghir-2078=66.30; Poush-2078_Publish=1804.67; Poush-2078_Publish=66.30; Magh2078_NFRS_Publish-1=1804.67; Magh2078_NFRS_Publish-1=66.30; Falgun2078_NFRS_Publish=1804.67; Falgun2078_NFRS_Publish=66.30; Chaitra-2078=1804.67; Chaitra-2078=66.30; Shrawan_2079_PublishV1=1804.67; Shrawan_2079_PublishV1=66.30; Baishakh-2079=1804.67; Baishakh-2079=66.30; Jestha2079_PublishV1=1804.67; Jestha2079_PublishV1=66.30; Ashar2079_Publish=1804.67; Ashar2079_Publish=66.30
C5,profit-loss-a-c,system_total,Mangsir 2080 (Mid-Dec 2023),4,1082.2128592363579,29368.916121638267,26.137836952299626,Mangshir_2080_Publish=29368.92; Mangshir_2080_Publish=1082.21; Poush_2080_Publish-2=29368.92; Poush_2080_Publish-2=1082.21
C5,profit-loss-a-c,system_total,Poush 2081 (Mid-Jan 2024),4,1138.5163186465081,30879.612181455293,26.122678591173486,Poush_2080_Publish-2=30879.61; Poush_2080_Publish-2=1138.52; Magh_2080_Publish=30879.61; Magh_2080_Publish=1138.52
C5,profit-loss-a-c,system_total,Mangsir 2081 (Mid-Dec 2024),4,1209.5190604251131,30833.50134068906,24.492364981707624,Mangsir_2081_Publish-V2=30833.50; Mangsir_2081_Publish-V2=1209.52; Poush_2081_Publish_2=30833.50; Poush_2081_Publish_2=1209.52
C5,profit-loss-a-c,finance,Baisakh 2079 (Mid-May 2022),4,20.12061379,485.9944925412811,23.154058997087937,Baishakh-2079=485.99; Baishakh-2079=20.12; Jestha2079_PublishV1=485.99; Jestha2079_PublishV1=20.12
C5,profit-loss-a-c,commercial,Kartik 2080 (Mid-Nov 2023),4,888.0714649234366,20562.432844449624,22.15402944088782,Kartik_2080_Publish=20562.43; Kartik_2080_Publish=888.07; Mangshir_2080_Publish=20562.43; Mangshir_2080_Publish=888.07
C5,profit-loss-a-c,finance,Ashwin 2078 (Mid-Oct 2021),4,7.789234133252345,176.27163643542121,21.63016278877987,Ashwin2078_NFRS_Publish=176.27; Ashwin2078_NFRS_Publish=7.79; Kartik2078_NFRS_Publish-1=176.27; Kartik2078_NFRS_Publish-1=7.79
C5,profit-loss-a-c,development,Bhadra 2079 (Mid-Sept 2022),4,49.308184881496935,1106.1200374268221,21.432787580503646,Bhadra_2079_Publish=1106.12; Bhadra_2079_Publish=49.31; Asoj_2079_PublishV1=1106.12; Asoj_2079_PublishV1=49.31
C5,profit-loss-a-c,system_total,Falgun 2082 (Mid-Mar 2025),4,2219.391059671385,48067.485376681005,20.657961163364394,Falgun_2081_Publish=48067.49; Falgun_2081_Publish=2219.39; Chaitra_2081_Publish=48067.49; Chaitra_2081_Publish=2219.39
C5,profit-loss-a-c,development,Ashwin 2079 (Mid-Oct 2022),4,58.147999999999996,1253.244522216761,20.552667713709177,Asoj_2079_PublishV1=1253.24; Asoj_2079_PublishV1=58.15; Kartik2079_publish=1253.24; Kartik2079_publish=58.15
C5,profit-loss-a-c,system_total,Chait 2082 (Mid-Apr 2025),4,2174.3599688478744,46424.713802660175,20.350978893922143,Chaitra_2081_Publish=46424.71; Chaitra_2081_Publish=2174.36; Baisakh_2082_Publish-1=46424.71; Baisakh_2082_Publish-1=2174.36
C5,profit-loss-a-c,development,Mangsir 2078 (Mid-Dec 2021),4,108.45618924282009,2237.503092322087,19.6304786102395,Manghir-2078=2237.50; Manghir-2078=108.46; Poush-2078_Publish=2237.50; Poush-2078_Publish=108.46
C5,profit-loss-a-c,development,Ashadh 2080 (Mid-July 2023),4,279.3361333257003,5715.323121553089,19.460378875829637,Saun_2080_Publish-3=5715.32; Saun_2080_Publish-3=279.34; Asar_2080_Publish=5715.32; Asar_2080_Publish=279.34
C5,profit-loss-a-c,finance,Ashadh 2078 (Mid-July 2021),28,54.7349950697526,1071.4092362330307,18.57448310477894,Shrawan-2078-2=1071.41; Shrawan-2078-2=54.73; Ashadh-2078-2=1071.41; Ashadh-2078-2=54.73; Bhadra_2080_Publish-2=1071.41; Bhadra_2080_Publish-2=54.73; Asoj_2080_publish=1071.41; Asoj_2080_publish=54.73; Kartik_2080_Publish=1071.41; Kartik_2080_Publish=54.73; Mangshir_2080_Publish=1071.41; Mangshir_2080_Publish=54.73; Poush_2080_Publish-2=1071.41; Poush_2080_Publish-2=54.73; Magh_2080_Publish=1071.41; Magh_2080_Publish=54.73; Falgun_2080_Publish-1=1071.41; Falgun_2080_Publish-1=54.73; Chaitra_2080_Publish=1071.41; Chaitra_2080_Publish=54.73; Shrawan_2081_Publish-1=1071.41; Shrawan_2081_Publish-1=54.73; Baisakh_2081_Publish=1071.41; Baisakh_2081_Publish=54.73; Jestha_2081_Publish-2=1071.41; Jestha_2081_Publish-2=54.73; Asar_2081_Publish=1071.41; Asar_2081_Publish=54.73
C5,profit-loss-a-c,system_total,Magh 2082 (Mid-Feb 2025),4,2039.871495130352,39793.421513181616,18.507808020347248,Magh_2081_Publish-3=39793.42; Magh_2081_Publish-3=2039.87; Falgun_2081_Publish=39793.42; Falgun_2081_Publish=2039.87
C5,profit-loss-a-c,development,Chait 2081 (Mid-Apr 2024),4,193.67487020922863,3666.820406956608,17.93286621540167,Chaitra_2080_Publish=3666.82; Chaitra_2080_Publish=193.67; Baisakh_2081_Publish=3666.82; Baisakh_2081_Publish=193.67
C6,others,finance,Ashadh 2076 (Mid-July 2019),24,5.615856170000001,104.0555767,17.528889193399692,Bhadra_2078_V1.1=104.06; Bhadra_2078_V1.1=5.62; Ashwin2078_NFRS_Publish=104.06; Ashwin2078_NFRS_Publish=5.62; Kartik2078_NFRS_Publish-1=104.06; Kartik2078_NFRS_Publish-1=5.62; Manghir-2078=104.06; Manghir-2078=5.62; Poush-2078_Publish=104.06; Poush-2078_Publish=5.62; Magh2078_NFRS_Publish-1=104.06; Magh2078_NFRS_Publish-1=5.62; Falgun2078_NFRS_Publish=104.06; Falgun2078_NFRS_Publish=5.62; Chaitra-2078=104.06; Chaitra-2078=5.62; Shrawan_2079_PublishV1=104.06; Shrawan_2079_PublishV1=5.62; Baishakh-2079=104.06; Baishakh-2079=5.62; Jestha2079_PublishV1=104.06; Jestha2079_PublishV1=5.62; Ashar2079_Publish=104.06; Ashar2079_Publish=5.62
C5,profit-loss-a-c,system_total,Kartik 2081 (Mid-Nov 2024),4,1300.056144286896,22902.982009818716,16.61691763118539,Kartik_2081_Publish=22902.98; Kartik_2081_Publish=1300.06; Mangsir_2081_Publish-V2=22902.98; Mangsir_2081_Publish-V2=1300.06
C5,profit-loss-a-c,development,Jestha 2081 (Mid-June 2024),4,281.7761923023155,4959.8557902621815,16.602110915533952,Jestha_2081_Publish-2=4959.86; Jestha_2081_Publish-2=281.78; Asar_2081_Publish=4959.86; Asar_2081_Publish=281.78
C5,profit-loss-a-c,finance,Magh 2079 (Mid-Feb 2022),4,25.165210000000002,419.2066204140826,15.658180893943763,Magh2078_NFRS_Publish-1=419.21; Magh2078_NFRS_Publish-1=25.17; Falgun2078_NFRS_Publish=419.21; Falgun2078_NFRS_Publish=25.17
C5,profit-loss-a-c,development,Kartik 2078 (Mid-Nov 2021),4,133.8448163969602,1933.7899023363345,13.44799996289026,Kartik2078_NFRS_Publish-1=1933.79; Kartik2078_NFRS_Publish-1=133.84; Manghir-2078=1933.79; Manghir-2078=133.84
C5,profit-loss-a-c,system_total,Poush 2082 (Mid-Jan 2025),4,2133.754526402582,30595.47865611128,13.338799649880034,Poush_2081_Publish_2=30595.48; Poush_2081_Publish_2=2133.75; Magh_2081_Publish-3=30595.48; Magh_2081_Publish-3=2133.75
C5,profit-loss-a-c,development,Bhadra 2081 (Mid-Sept 2024),4,117.02879874216856,1647.518542062749,13.077889884971574,Bhadau_2081_Publish-1=1647.52; Bhadau_2081_Publish-1=117.03; Ashwin_2081_Publish-1=1647.52; Ashwin_2081_Publish-1=117.03
C5,profit-loss-a-c,system_total,Kartik 2080 (Mid-Nov 2023),4,1668.9377666467672,22176.72847313745,12.287930153138648,Kartik_2080_Publish=22176.73; Kartik_2080_Publish=1668.94; Mangshir_2080_Publish=22176.73; Mangshir_2080_Publish=1668.94
C5,profit-loss-a-c,development,Kartik 2079 (Mid-Nov 2022),4,139.62356471420247,1778.8930595010554,11.74063631839151,Kartik2079_publish=1778.89; Kartik2079_publish=139.62; Mangsir_2079_Publish_V1=1778.89; Mangsir_2079_Publish_V1=139.62
C5,profit-loss-a-c,finance,Jestha 2079 (Mid-June 2022),4,54.36526577419991,663.5709616405218,11.205788975567415,Jestha2079_PublishV1=663.57; Jestha2079_PublishV1=54.37; Ashar2079_Publish=663.57; Ashar2079_Publish=54.37
C5,profit-loss-a-c,commercial,Ashwin 2081 (Mid-Oct 2024),4,1383.0206520970041,16060.345329875227,10.612513020339746,Ashwin_2081_Publish-1=16060.35; Ashwin_2081_Publish-1=1383.02; Kartik_2081_Publish=16060.35; Kartik_2081_Publish=1383.02
C5,profit-loss-a-c,development,Ashwin 2078 (Mid-Oct 2021),4,132.3512350828201,1444.2628969615016,9.912349220298095,Ashwin2078_NFRS_Publish=1444.26; Ashwin2078_NFRS_Publish=132.35; Kartik2078_NFRS_Publish-1=1444.26; Kartik2078_NFRS_Publish-1=132.35
C6,exchange-fluctuation-loss,commercial,Chait 2079 (Mid-Apr 2022),2,109.92408046999998,1196.7885175280255,9.887409859704471,Chaitra-2078=109.92; Baishakh-2079=1196.79
C5,profit-loss-a-c,development,Baisakh 2081 (Mid-May 2024),4,384.7195897455012,4177.235757934865,9.857871211336498,Baisakh_2081_Publish=4177.24; Baisakh_2081_Publish=384.72; Jestha_2081_Publish-2=4177.24; Jestha_2081_Publish-2=384.72
C6,exchange-fluctuation-loss,system_total,Chait 2079 (Mid-Apr 2022),2,111.20095142319998,1198.0653884812255,9.773877139969072,Chaitra-2078=111.20; Baishakh-2079=1198.07
C5,profit-loss-a-c,development,Jestha 2080 (Mid-June 2023),4,448.1086748247178,4674.9181876493885,9.432554534852576,Jestha_2080_Publish=4674.92; Jestha_2080_Publish=448.11; Asar_2080_Publish=4674.92; Asar_2080_Publish=448.11
C5,profit-loss-a-c,development,Mangsir 2079 (Mid-Dec 2022),4,222.09881438513597,2267.9559491710916,9.211472562110513,Mangsir_2079_Publish_V1=2267.96; Mangsir_2079_Publish_V1=222.10; Poush2079_Publish-1=2267.96; Poush2079_Publish-1=222.10
C5,profit-loss-a-c,finance,Shrawan 2078 (Mid-Aug 2021),4,10.18357104813545,99.68865164429091,8.789164446645001,Shrawan-2078-2=99.69; Shrawan-2078-2=10.18; Bhadra_2078_V1.1=99.69; Bhadra_2078_V1.1=10.18
C5,profit-loss-a-c,development,Shrawan 2079 (Mid-Aug 2022),4,68.68356814354573,671.0026225525378,8.769478212753464,Shrawan_2079_PublishV1=671.00; Shrawan_2079_PublishV1=68.68; Bhadra_2079_Publish=671.00; Bhadra_2079_Publish=68.68
C5,profit-loss-a-c,development,Bhadra 2078 (Mid-Sept 2021),4,116.37500444000001,1123.482507385739,8.653984657547127,Bhadra_2078_V1.1=1123.48; Bhadra_2078_V1.1=116.38; Ashwin2078_NFRS_Publish=1123.48; Ashwin2078_NFRS_Publish=116.38
C5,profit-loss-a-c,development,Baisakh 2080 (Mid-May 2023),4,423.4441936854131,3927.046222502534,8.274058497115753,Baisakh_2080_Publish-1=3927.05; Baisakh_2080_Publish-1=423.44; Jestha_2080_Publish=3927.05; Jestha_2080_Publish=423.44
C5,profit-loss-a-c,development,Falgun 2081 (Mid-Mar 2024),4,394.11267758302415,3519.805333605113,7.930961965474018,Falgun_2080_Publish-1=3519.81; Falgun_2080_Publish-1=394.11; Chaitra_2080_Publish=3519.81; Chaitra_2080_Publish=394.11
C5,profit-loss-a-c,system_total,Shrawan 2082 (Mid-Aug 2025),4,1035.8186586054799,9125.84972223651,7.81027740369402,Saun-2082-Publish=9125.85; Saun-2082-Publish=1035.82; Bhadau_2082_Publish=9125.85; Bhadau_2082_Publish=1035.82
C5,profit-loss-a-c,system_total,Ashwin 2081 (Mid-Oct 2024),4,2079.3127074795652,17789.65043654794,7.555543556558951,Ashwin_2081_Publish-1=17789.65; Ashwin_2081_Publish-1=2079.31; Kartik_2081_Publish=17789.65; Kartik_2081_Publish=2079.31
C5,profit-loss-a-c,development,Poush 2081 (Mid-Jan 2024),4,253.33302983122633,2145.0541139288016,7.467329014924994,Poush_2080_Publish-2=2145.05; Poush_2080_Publish-2=253.33; Magh_2080_Publish=2145.05; Magh_2080_Publish=253.33
C5,profit-loss-a-c,development,Poush 2080 (Mid-Jan 2023),4,298.5756933614097,2444.4644437397646,7.187084542012174,Poush2079_Publish-1=2444.46; Poush2079_Publish-1=298.58; Magh_2079_Publish-4=2444.46; Magh_2079_Publish-4=298.58
C5,profit-loss-a-c,development,Magh 2081 (Mid-Feb 2024),4,318.41165433785574,2544.5115296232507,6.991263808840854,Magh_2080_Publish=2544.51; Magh_2080_Publish=318.41; Falgun_2080_Publish-1=2544.51; Falgun_2080_Publish-1=318.41
C5,profit-loss-a-c,development,Mangsir 2081 (Mid-Dec 2024),4,341.6867500032788,2727.88253858618,6.983577175761143,Mangsir_2081_Publish-V2=2727.88; Mangsir_2081_Publish-V2=341.69; Poush_2081_Publish_2=2727.88; Poush_2081_Publish_2=341.69
C5,profit-loss-a-c,development,Falgun 2080 (Mid-Mar 2023),4,434.2391272447959,3462.7171071018233,6.97421717631117,Falgun_2079_Publish-4=3462.72; Falgun_2079_Publish-4=434.24; Chaitra_2079_Publish=3462.72; Chaitra_2079_Publish=434.24
C5,profit-loss-a-c,development,Shrawan 2081 (Mid-Aug 2024),4,85.18497333183754,664.6267168413651,6.802159123209628,Shrawan_2081_Publish-1=664.63; Shrawan_2081_Publish-1=85.18; Bhadau_2081_Publish-1=664.63; Bhadau_2081_Publish-1=85.18
C5,profit-loss-a-c,development,Magh 2080 (Mid-Feb 2023),4,382.6902263249968,2933.8017058178616,6.66625720753671,Magh_2079_Publish-4=2933.80; Magh_2079_Publish-4=382.69; Falgun_2079_Publish-4=2933.80; Falgun_2079_Publish-4=382.69
C5,profit-loss-a-c,finance,Poush 2082 (Mid-Jan 2025),4,137.47941039316956,955.1862019106627,5.947849130127776,Poush_2081_Publish_2=137.48; Poush_2081_Publish_2=955.19; Magh_2081_Publish-3=137.48; Magh_2081_Publish-3=955.19
C5,profit-loss-a-c,development,Ashadh 2082 (Mid-July 2025),4,910.5902005306,5886.592950348829,5.464590709320962,Saun-2082-Publish=5886.59; Saun-2082-Publish=910.59; Asar_2082_Publish=5886.59; Asar_2082_Publish=910.59
C6,total-expenses--others,development,Ashadh 2077 (Mid-July 2020),12,66.69365560000001,418.97830997,5.282131429155008,Bhadra_2079_Publish=66.69; Bhadra_2079_Publish=418.98; Asoj_2079_PublishV1=66.69; Asoj_2079_PublishV1=418.98; Kartik2079_publish=66.69; Kartik2079_publish=418.98; Mangsir_2079_Publish_V1=66.69; Mangsir_2079_Publish_V1=418.98; Poush2079_Publish-1=66.69; Poush2079_Publish-1=418.98; Magh_2079_Publish-4=66.69; Magh_2079_Publish-4=418.98
C6,income--others,development,Ashadh 2077 (Mid-July 2020),12,66.69365560000001,418.97830997,5.282131429155008,Falgun_2079_Publish-4=66.69; Falgun_2079_Publish-4=418.98; Chaitra_2079_Publish=66.69; Chaitra_2079_Publish=418.98; Saun_2080_Publish-3=66.69; Saun_2080_Publish-3=418.98; Baisakh_2080_Publish-1=66.69; Baisakh_2080_Publish-1=418.98; Jestha_2080_Publish=66.69; Jestha_2080_Publish=418.98; Asar_2080_Publish=66.69; Asar_2080_Publish=418.98
C5,profit-loss-a-c,development,Bhadra 2082 (Mid-Sept 2025),2,219.07108307257462,1220.304919999609,4.570360555506736,Bhadau_2082_Publish=1220.30; Bhadau_2082_Publish=219.07
C5,profit-loss-a-c,development,Mangsir 2080 (Mid-Dec 2023),4,376.87605285234736,2063.603625228742,4.475549878031709,Mangshir_2080_Publish=2063.60; Mangshir_2080_Publish=376.88; Poush_2080_Publish-2=2063.60; Poush_2080_Publish-2=376.88
C5,profit-loss-a-c,development,Ashwin 2081 (Mid-Oct 2024),4,271.65304924195107,1448.6976579139384,4.332896729694495,Ashwin_2081_Publish-1=1448.70; Ashwin_2081_Publish-1=271.65; Kartik_2081_Publish=1448.70; Kartik_2081_Publish=271.65
C5,profit-loss-a-c,finance,Bhadra 2078 (Mid-Sept 2021),4,27.45684057858,146.39285983798786,4.331744539908711,Bhadra_2078_V1.1=146.39; Bhadra_2078_V1.1=27.46; Ashwin2078_NFRS_Publish=146.39; Ashwin2078_NFRS_Publish=27.46
C5,profit-loss-a-c,finance,Magh 2082 (Mid-Feb 2025),4,179.3024108085329,939.8440684737805,4.2416700045231845,Magh_2081_Publish-3=179.30; Magh_2081_Publish-3=939.84; Falgun_2081_Publish=179.30; Falgun_2081_Publish=939.84
C6,total-expenses--others,development,Ashadh 2078 (Mid-July 2021),4,119.31932457000218,595.64096753,3.9919907749775247,Shrawan-2078-2=119.32; Shrawan-2078-2=595.64; Ashadh-2078-2=119.32; Ashadh-2078-2=595.64
C6,income--others,development,Ashadh 2078 (Mid-July 2021),24,119.31932457000218,595.64096753,3.9919907749775247,Bhadra_2080_Publish-2=119.32; Bhadra_2080_Publish-2=595.64; Asoj_2080_publish=119.32; Asoj_2080_publish=595.64; Kartik_2080_Publish=119.32; Kartik_2080_Publish=595.64; Mangshir_2080_Publish=119.32; Mangshir_2080_Publish=595.64; Poush_2080_Publish-2=119.32; Poush_2080_Publish-2=595.64; Magh_2080_Publish=119.32; Magh_2080_Publish=595.64; Falgun_2080_Publish-1=119.32; Falgun_2080_Publish-1=595.64; Chaitra_2080_Publish=119.32; Chaitra_2080_Publish=595.64; Shrawan_2081_Publish-1=119.32; Shrawan_2081_Publish-1=595.64; Baisakh_2081_Publish=119.32; Baisakh_2081_Publish=595.64; Jestha_2081_Publish-2=119.32; Jestha_2081_Publish-2=595.64; Asar_2081_Publish=119.32; Asar_2081_Publish=595.64
C5,profit-loss-a-c,development,Kartik 2081 (Mid-Nov 2024),4,404.98786401062694,1996.0782226857907,3.9287358957339356,Kartik_2081_Publish=1996.08; Kartik_2081_Publish=404.99; Mangsir_2081_Publish-V2=1996.08; Mangsir_2081_Publish-V2=404.99
C6,total-expenses--others,development,Jestha 2078 (Mid-June 2021),2,109.41660467995408,518.9888335900001,3.743236505172626,Ashadh-2078-2=109.42; Ashadh-2078-2=518.99
C5,profit-loss-a-c,development,Bhadra 2080 (Mid-Sept 2023),4,252.75759572513783,1165.1111908696632,3.609599120165186,Bhadra_2080_Publish-2=1165.11; Bhadra_2080_Publish-2=252.76; Asoj_2080_publish=1165.11; Asoj_2080_publish=252.76
C6,income--others,development,Shrawan 2080 (Mid-Aug 2023),4,25.80564575,118.04999212000016,3.5745800459188337,Saun_2080_Publish-3=118.05; Saun_2080_Publish-3=25.81; Bhadra_2080_Publish-2=118.05; Bhadra_2080_Publish-2=25.81
C5,profit-loss-a-c,development,Jestha 2082 (Mid-June 2025),4,1028.8237666617438,4658.792522833973,3.5282707046615966,Jestha_2082_Publish-3=4658.79; Jestha_2082_Publish-3=1028.82; Asar_2082_Publish=4658.79; Asar_2082_Publish=1028.82
C5,profit-loss-a-c,development,Baisakh 2082 (Mid-May 2025),4,1007.8576043358545,4421.971749300451,3.3874965374839703,Baisakh_2082_Publish-1=4421.97; Baisakh_2082_Publish-1=1007.86; Jestha_2082_Publish-3=4421.97; Jestha_2082_Publish-3=1007.86
C5,profit-loss-a-c,development,Falgun 2082 (Mid-Mar 2025),4,965.3388764969815,4202.964163742847,3.3538743399567097,Falgun_2081_Publish=4202.96; Falgun_2081_Publish=965.34; Chaitra_2081_Publish=4202.96; Chaitra_2081_Publish=965.34
C5,profit-loss-a-c,development,Chait 2082 (Mid-Apr 2025),4,886.7892423148509,3813.4513101167267,3.300290450256473,Chaitra_2081_Publish=3813.45; Chaitra_2081_Publish=886.79; Baisakh_2082_Publish-1=3813.45; Baisakh_2082_Publish-1=886.79
C5,profit-loss-a-c,development,Kartik 2080 (Mid-Nov 2023),4,364.4021946813743,1458.2062402507333,3.0016395662099637,Kartik_2080_Publish=1458.21; Kartik_2080_Publish=364.40; Mangshir_2080_Publish=1458.21; Mangshir_2080_Publish=364.40
C5,profit-loss-a-c,development,Ashwin 2080 (Mid-Oct 2023),4,283.9073617789599,1069.9060284937711,2.7685040000011045,Asoj_2080_publish=1069.91; Asoj_2080_publish=283.91; Kartik_2080_Publish=1069.91; Kartik_2080_Publish=283.91
C5,profit-loss-a-c,development,Magh 2082 (Mid-Feb 2025),4,942.4281604580785,3388.548990290413,2.595551504576612,Magh_2081_Publish-3=3388.55; Magh_2081_Publish-3=942.43; Falgun_2081_Publish=3388.55; Falgun_2081_Publish=942.43
C6,total-expenses--others,finance,Ashwin 2079 (Mid-Oct 2022),4,13.51767671,48.60023189,2.5953095293399717,Asoj_2079_PublishV1=48.60; Asoj_2079_PublishV1=13.52; Kartik2079_publish=48.60; Kartik2079_publish=13.52
C5,profit-loss-a-c,finance,Ashadh 2077 (Mid-July 2020),24,278.5498508400002,984.4036474152666,2.5340304238062967,Bhadra_2079_Publish=984.40; Bhadra_2079_Publish=278.55; Asoj_2079_PublishV1=984.40; Asoj_2079_PublishV1=278.55; Kartik2079_publish=984.40; Kartik2079_publish=278.55; Mangsir_2079_Publish_V1=984.40; Mangsir_2079_Publish_V1=278.55; Poush2079_Publish-1=984.40; Poush2079_Publish-1=278.55; Magh_2079_Publish-4=984.40; Magh_2079_Publish-4=278.55; Falgun_2079_Publish-4=984.40; Falgun_2079_Publish-4=278.55; Chaitra_2079_Publish=984.40; Chaitra_2079_Publish=278.55; Saun_2080_Publish-3=984.40; Saun_2080_Publish-3=278.55; Baisakh_2080_Publish-1=984.40; Baisakh_2080_Publish-1=278.55; Jestha_2080_Publish=984.40; Jestha_2080_Publish=278.55; Asar_2080_Publish=984.40; Asar_2080_Publish=278.55
C6,total-expenses--others,development,Bhadra 2078 (Mid-Sept 2021),4,50.18547323000015,176.83599822,2.523649112753409,Bhadra_2078_V1.1=50.19; Bhadra_2078_V1.1=176.84; Ashwin2078_NFRS_Publish=50.19; Ashwin2078_NFRS_Publish=176.84
C5,profit-loss-a-c,finance,Falgun 2082 (Mid-Mar 2025),4,368.0499490120029,1254.0521831744036,2.407288023108804,Falgun_2081_Publish=368.05; Falgun_2081_Publish=1254.05; Chaitra_2081_Publish=368.05; Chaitra_2081_Publish=1254.05
C5,profit-loss-a-c,development,Poush 2082 (Mid-Jan 2025),4,826.0975902488949,2668.5301436120535,2.230284381785997,Poush_2081_Publish_2=2668.53; Poush_2081_Publish_2=826.10; Magh_2081_Publish-3=2668.53; Magh_2081_Publish-3=826.10
C5,profit-loss-a-c,commercial,Ashwin 2080 (Mid-Oct 2023),4,5647.481894027905,18085.318862694614,2.2023686311981745,Asoj_2080_publish=18085.32; Asoj_2080_publish=5647.48; Kartik_2080_Publish=18085.32; Kartik_2080_Publish=5647.48
C5,profit-loss-a-c,system_total,Ashwin 2080 (Mid-Oct 2023),4,6224.432907807544,19287.211877102374,2.098629572006421,Asoj_2080_publish=19287.21; Asoj_2080_publish=6224.43; Kartik_2080_Publish=19287.21; Kartik_2080_Publish=6224.43
